1;Работа с текстом;;;;;;;;;;;;;;;;;;;;;;;;
;;;;;;;;;;;;;;;;;;;;;;;;;
1.1;Используя формулу Excel, объедините значение ячеек фамилия имя отчество в одну ячейку с одинарными знаками пробела между словами;;;;;;;;;;;;;;;;;;;;;;;;
;;;;;;;;;;;;;;;;;;;;;;;;;
;Фамилия;Имя;Отчество;;ФИО;;;;;;;;;;;;;;;;;;;;
;Миронов;Геннадий;Юрьевич;;Миронов Геннадий Юрьевич;;;;;;;;;;;;;;;;;;;;
;;;;;;;;;;;;;;;;;;;;;;;;;
;;;;;;;;;;;;;;;;;;;;;;;;;
1.2;Используя функции Excel, разъедините ячейку с фамилией именем и отчеством на три ячейки (Фамилия, Имя, Отчество). Поясните, как вы это сделали;;;;;;;;;;;;;;;;;;;;;;;;
;;;;;;;;;;;;;;;;;;;;;;;;;
;ФИО;;;;Фамилия;Имя;Отчество;;;;;;;;;;;;;;;;;;
;Власов Иван Александрович;;;;Власов;Иван;Александрович;;;;;;;;;;;;;;;;;;
;;;;;;;;;;;;;;;;;;;;;;;;;
;Пояснение:;Созданы две вспомогательные ячеки, в которых с помощью поиска подстроки высчитывается номер первого и второго вхождения в исходную строку символа ' ' (пробел). Чтобы получить одно слово из ФИО, использовалась функция ПСТР, возвращающая подстроку из исходной строки по заданным параметрам (начальный элемент, длина подстроки). При нахождении длины отчества использовалась функция ДЛСТР для вычисления общей длины ФИО. ;;;;;;;;;;;;;;;;;;;;;;;
;;;;;;;;;;;;;;;;;;;;;;;;;
;;;;;;;;;;;;;;;;;;;;;;;;;
2;Работа с данными;;;;;;;;;;;;;;;;;;;;;;;;
;;;;;;;;;;;;;;;;;;;;;;;;;
;  +739122232232      ;;;;;;;;;;;;;;;;;;;;;;;;
;;;;;;;;;;;;;;;;;;;;;;;;;
2.1;Используя формулу Excel, подсчитайте количество символов в ячейке B19;;;;;;;;;;;;;;;;;;;;;;;;
;;;;;;;;;;;;;;;;;;;;;;;;;
;;; 21 ;;;;;;;;;;;;;;;;;;;;;;
;;;;;;;;;;;;;;;;;;;;;;;;;
2.2;Используя формулу Excel, уберите из ячейки B19 пробелы;;;;;;;;;;;;;;;;;;;;;;;;
;;;;;;;;;;;;;;;;;;;;;;;;;
;;; +739122232232 ;;;;;;;;;;;;;;;;;;;;;;
;;;;;;;;;;;;;;;;;;;;;;;;;
2.3;Используя формулу Excel, произведите замену знаков из ячейки B19 c +7 на 8;;;;;;;;;;;;;;;;;;;;;;;;
;;;;;;;;;;;;;;;;;;;;;;;;;
;;; 839122232232 ;;;;;;;;;;;;;;;;;;;;;;
;;;;;;;;;;;;;;;;;;;;;;;;;
2.4;Используя формулу Excel, извлеките из ячейки B19 первые 5 символов;;;;;;;;;;;;;;;;;;;;;;;;
;;;;;;;;;;;;;;;;;;;;;;;;;
;;;   +73 ;;;;;;;;;;;;;;;;;;;;;;
;;;;;;;;;;;;;;;;;;;;;;;;;
3;Работа с таблицами;;;;;;;;;;;;;;;;;;;;;;;;
;;;;;;;;;;;;;;;;;;;;;;;;;
;Магазин;Реализация;;3.1;Используя формулу Excel, подставить данные по реализации магазина;;;;;;;;;;;;;;;;;;;;
;Магазин-1; 9 583 ;9583;;;;;;;;;;;;;;;;;;;;;;
;Магазин-2; 2 794 ;2794;Магазин-1; 9 583 ;;;;;;;;;;;;;;;;;;;;
;Магазин-3; 792 ;792;;;;;;;;;;;;;;;;;;;;;;
;Магазин-4; 8 279 ;8279;3.2;Используя формулу Excel, подставить данные по реализации магазина;;;;;;;;;;;;;;;;;;;;
;Магазин-5; 8 250 ;8250;;;;;;;;;;;;;;;;;;;;;;
;Магазин-6; 418 ;418;Магазин-4;8 279;;;;;;;;;;;;;;;;;;;;
;Магазин-7; 9 541 ;9541;;;;;;;;;;;;;;;;;;;;;;
;Магазин-8; 9 663 ;9663;3.3;Используя формулу Excel, выведете данные с заменой ошибки #Н/Д на 0 ;;;;;;;;;;;;;;;;;;;;
;Магазин-9; 3 710 ;3710;;;;;;;;;;;;;;;;;;;;;;
;Магазин-10; 7 702 ;7702; Магазин-21 ;0;;;;;;;;;;;;;;;;;;;;
;Магазин-11; 9 200 ;9200;;;;;;;;;;;;;;;;;;;;;;
;Магазин-12; 8 667 ;8667;3.4;Используя формулу Excel, найти сумму реализации по указанным магазинам;;;;;;;;;;;;;;;;;;;;
;Магазин-13; -   ;0;;;;;;;;;;;;;;;;;;;;;;
;Магазин-14; 9 896 ;9896; Магазин-5 ; 8 250 ;;;;;;;;;;;;;;;;;;;;
;Магазин-15; 4 630 ;4630; Магазин-10 ; 7 702 ;;;;;;;;;;;;;;;;;;;;
;Магазин-16; 8 832 ;8832; Магазин-15 ; 4 630 ;;;;;;;;;;;;;;;;;;;;
;Магазин-17; -   ;0;;;;;;;;;;;;;;;;;;;;;;
;Магазин-18; 5 118 ;5118;3.5;Используя формулу Excel, определите среднее значение реализации по всем магазинам;;;;;;;;;;;;;;;;;;;;
;Магазин-19; 2 110 ;2110;;;;;;;;;;;;;;;;;;;;;;
;Магазин-20; 9 451 ;9451;; 5 649 ;;;;;;;;;;;;;;;;;;;;
;Магазин-21;;0;;;;;;;;;;;;;;;;;;;;;;
;;;;3.6;Используя формулу Excel, определите среднее значение реализации не учитывая нулевые значения;;;;;;;;;;;;;;;;;;;;
;;;;;;;;;;;;;;;;;;;;;;;;;
;;;;; 5 932 ;;;;;;;;;;;;;;;;;;;;
;;;;;;;;;;;;;;;;;;;;;;;;;
;;;;;;;;;;;;;;;;;;;;;;;;;
;;;;;;;;;;;;;;;;;;;;;;;;;
;;;;;;;;;;;;;;;;;;;;;;;;;
;;;;;;;;;;;;;;;;;;;;;;;;;
4;"Работа с таблицами (при выполнении задания 4.3 используйте в качестве статусов русские буквы ""А"";""Б"";""В"")";;;;;;;;;;;;;;;;;;;;;;;;
;;;;;;;;Таблица-2;;;;Таблица-3;;;;;;;;;;;;;
4.1;Используя формулу Excel, подставьте в таблицу 1 названия городов из таблицы 2 в соответствии с кодом города;;;;;;;Код города;Название города;Сумма;Место;Условие;Статус;;;;;;;;;;;;
4.2;Используя формулу Excel, посчитайте суммы по каждому городу из таблицы 1 и подставьте значения в таблицу 2;;;;;;;1;Москва;240 320 963;8;больше 5 млн;А;;;;;;;;;;;;
4.3;Используя формулу Excel, проставьте в таблице 1 статус каждой строки из таблицы 3 в зависимости от стоимости;;;;;;;2;Санкт-Петербург;224 997 697;9;от 1 до 5 млн;Б;;;;;;;;;;;;
;;;;;;;;3;Челябинск;295 786 410;1;меньше 1 млн;В;;;;;;;;;;;;
4.4;Используя формулу Excel, проставить место по объёму реализации для каждой строки в таблице 1;;;;;;;4;Архангельск;271 035 716;2;;;;;;;;;;;;;;
4.5;Используя формулу Excel, найти города занявшие первые три места по объёмам реализации;;;;;;;5;Краснодар;264 890 435;4;;;;;;;;;;;;;;
;;;;;;;;6;Владивосток;243 156 318;7;;;;;;;;;;;;;;
;место:;город:;;;;;;7;Мурманск;214 483 982;10;;;;;;;;;;;;;;
;1;Челябинск;;;;;;8;Новосибирск;256 068 049;5;;;;;;;;;;;;;;
;2;Архангельск;;;;;;9;Тюмень;269 061 092;3;;;;;;;;;;;;;;
;3;Краснодар;;;;;;10;Сочи;249 391 138;6;;;;;;;;;;;;;;
;;;;;;;;;;;;;;;;;;;;;;;;;
4.6;Найти количество Статусов А для городов Челябинск и Мурманск;;;;;;;;;;;;;;;;;;;;;;;;
;статус:;А;;;;;;;;;;;;;;;;;;;;;;;
;город:;Челябинск; 19 ;;;;;;;;;;;;;;;;;;;;;;
;город:;Мурманск; 13 ;;;;;;;;;;;;;;;;;;;;;;
;;;;;;;;;;;;;;;;;;;;;;;;;
;Таблица-1;;;;;;;;;;;;;;;;;;;;;;;;
;Код города;Название города;Кол-во;Цена;Реализация;Статус;Место по объёму реализации;;;;;;;;;;;;;;;;;;
;1; Москва ; 26 ; 93 470 ; 2 430 220 ; Б ; 8 ;;;;;;;;;;;;;;;;;;
;4; Архангельск ; 100 ; 15 436 ; 1 543 600 ; Б ; 2 ;;;;;;;;;;;;;;;;;;
;4; Архангельск ; 84 ; 85 030 ; 7 142 520 ; А ; 2 ;;;;;;;;;;;;;;;;;;
;1; Москва ; 58 ; 17 080 ; 990 640 ; В ; 8 ;;;;;;;;;;;;;;;;;;
;5; Краснодар ; 24 ; 64 494 ; 1 547 856 ; Б ; 4 ;;;;;;;;;;;;;;;;;;
;9; Тюмень ; 52 ; 88 369 ; 4 595 188 ; Б ; 3 ;;;;;;;;;;;;;;;;;;
;6; Владивосток ; 8 ; 31 965 ; 255 720 ; В ; 7 ;;;;;;;;;;;;;;;;;;
;9; Тюмень ; 71 ; 99 825 ; 7 087 575 ; А ; 3 ;;;;;;;;;;;;;;;;;;
;8; Новосибирск ; 56 ; 70 360 ; 3 940 160 ; Б ; 5 ;;;;;;;;;;;;;;;;;;
;10; Сочи ; 76 ; 26 226 ; 1 993 176 ; Б ; 6 ;;;;;;;;;;;;;;;;;;
;7; Мурманск ; 7 ; 79 777 ; 558 439 ; В ; 10 ;;;;;;;;;;;;;;;;;;
;7; Мурманск ; 79 ; 99 983 ; 7 898 657 ; А ; 10 ;;;;;;;;;;;;;;;;;;
;8; Новосибирск ; 33 ; 59 856 ; 1 975 248 ; Б ; 5 ;;;;;;;;;;;;;;;;;;
;7; Мурманск ; 62 ; 13 577 ; 841 774 ; В ; 10 ;;;;;;;;;;;;;;;;;;
;6; Владивосток ; 20 ; 76 951 ; 1 539 020 ; Б ; 7 ;;;;;;;;;;;;;;;;;;
;10; Сочи ; 51 ; 57 536 ; 2 934 336 ; Б ; 6 ;;;;;;;;;;;;;;;;;;
;10; Сочи ; 7 ; 67 723 ; 474 061 ; В ; 6 ;;;;;;;;;;;;;;;;;;
;7; Мурманск ; 89 ; 76 144 ; 6 776 816 ; А ; 10 ;;;;;;;;;;;;;;;;;;
;4; Архангельск ; 15 ; 51 504 ; 772 560 ; В ; 2 ;;;;;;;;;;;;;;;;;;
;3; Челябинск ; 63 ; 67 867 ; 4 275 621 ; Б ; 1 ;;;;;;;;;;;;;;;;;;
;3; Челябинск ; 10 ; 61 505 ; 615 050 ; В ; 1 ;;;;;;;;;;;;;;;;;;
;10; Сочи ; 90 ; 45 225 ; 4 070 250 ; Б ; 6 ;;;;;;;;;;;;;;;;;;
;4; Архангельск ; -   ; 20 725 ; -   ;   ; 2 ;;;;;;;;;;;;;;;;;;
;3; Челябинск ; 70 ; 60 550 ; 4 238 500 ; Б ; 1 ;;;;;;;;;;;;;;;;;;
;5; Краснодар ; 29 ; 11 164 ; 323 756 ; В ; 4 ;;;;;;;;;;;;;;;;;;
;4; Архангельск ; 40 ; 41 872 ; 1 674 880 ; Б ; 2 ;;;;;;;;;;;;;;;;;;
;8; Новосибирск ; 56 ; 23 655 ; 1 324 680 ; Б ; 5 ;;;;;;;;;;;;;;;;;;
;6; Владивосток ; 13 ; 97 901 ; 1 272 713 ; Б ; 7 ;;;;;;;;;;;;;;;;;;
;1; Москва ; 97 ; 82 442 ; 7 996 874 ; А ; 8 ;;;;;;;;;;;;;;;;;;
;3; Челябинск ; 72 ; 94 804 ; 6 825 888 ; А ; 1 ;;;;;;;;;;;;;;;;;;
;7; Мурманск ; 91 ; 79 322 ; 7 218 302 ; А ; 10 ;;;;;;;;;;;;;;;;;;
;1; Москва ; 45 ; 5 272 ; 237 240 ; В ; 8 ;;;;;;;;;;;;;;;;;;
;1; Москва ; 12 ; 62 962 ; 755 544 ; В ; 8 ;;;;;;;;;;;;;;;;;;
;6; Владивосток ; 11 ; 80 082 ; 880 902 ; В ; 7 ;;;;;;;;;;;;;;;;;;
;6; Владивосток ; 28 ; 70 724 ; 1 980 272 ; Б ; 7 ;;;;;;;;;;;;;;;;;;
;4; Архангельск ; 80 ; 16 106 ; 1 288 480 ; Б ; 2 ;;;;;;;;;;;;;;;;;;
;8; Новосибирск ; 93 ; 1 093 ; 101 649 ; В ; 5 ;;;;;;;;;;;;;;;;;;
;4; Архангельск ; 49 ; 81 535 ; 3 995 215 ; Б ; 2 ;;;;;;;;;;;;;;;;;;
;10; Сочи ; 11 ; 49 566 ; 545 226 ; В ; 6 ;;;;;;;;;;;;;;;;;;
;1; Москва ; 69 ; 55 723 ; 3 844 887 ; Б ; 8 ;;;;;;;;;;;;;;;;;;
;8; Новосибирск ; 34 ; 77 563 ; 2 637 142 ; Б ; 5 ;;;;;;;;;;;;;;;;;;
;1; Москва ; 20 ; 82 926 ; 1 658 520 ; Б ; 8 ;;;;;;;;;;;;;;;;;;
;9; Тюмень ; 36 ; 70 746 ; 2 546 856 ; Б ; 3 ;;;;;;;;;;;;;;;;;;
;8; Новосибирск ; 6 ; 39 870 ; 239 220 ; В ; 5 ;;;;;;;;;;;;;;;;;;
;10; Сочи ; 14 ; 6 807 ; 95 298 ; В ; 6 ;;;;;;;;;;;;;;;;;;
;4; Архангельск ; 25 ; 80 879 ; 2 021 975 ; Б ; 2 ;;;;;;;;;;;;;;;;;;
;2; Санкт-Петербург ; 8 ; 51 584 ; 412 672 ; В ; 9 ;;;;;;;;;;;;;;;;;;
;4; Архангельск ; 52 ; 99 026 ; 5 149 352 ; А ; 2 ;;;;;;;;;;;;;;;;;;
;8; Новосибирск ; 10 ; 47 089 ; 470 890 ; В ; 5 ;;;;;;;;;;;;;;;;;;
;7; Мурманск ; 65 ; 24 543 ; 1 595 295 ; Б ; 10 ;;;;;;;;;;;;;;;;;;
;9; Тюмень ; 31 ; 51 809 ; 1 606 079 ; Б ; 3 ;;;;;;;;;;;;;;;;;;
;10; Сочи ; 84 ; 35 436 ; 2 976 624 ; Б ; 6 ;;;;;;;;;;;;;;;;;;
;3; Челябинск ; 43 ; 55 351 ; 2 380 093 ; Б ; 1 ;;;;;;;;;;;;;;;;;;
;7; Мурманск ; 8 ; 77 027 ; 616 216 ; В ; 10 ;;;;;;;;;;;;;;;;;;
;8; Новосибирск ; 5 ; 83 295 ; 416 475 ; В ; 5 ;;;;;;;;;;;;;;;;;;
;8; Новосибирск ; 76 ; 91 918 ; 6 985 768 ; А ; 5 ;;;;;;;;;;;;;;;;;;
;2; Санкт-Петербург ; 48 ; 51 832 ; 2 487 936 ; Б ; 9 ;;;;;;;;;;;;;;;;;;
;4; Архангельск ; 78 ; 10 557 ; 823 446 ; В ; 2 ;;;;;;;;;;;;;;;;;;
;10; Сочи ; 69 ; 43 544 ; 3 004 536 ; Б ; 6 ;;;;;;;;;;;;;;;;;;
;3; Челябинск ; 97 ; 62 405 ; 6 053 285 ; А ; 1 ;;;;;;;;;;;;;;;;;;
;1; Москва ; 72 ; 17 417 ; 1 254 024 ; Б ; 8 ;;;;;;;;;;;;;;;;;;
;1; Москва ; 65 ; 12 408 ; 806 520 ; В ; 8 ;;;;;;;;;;;;;;;;;;
;7; Мурманск ; 51 ; 69 919 ; 3 565 869 ; Б ; 10 ;;;;;;;;;;;;;;;;;;
;4; Архангельск ; 41 ; 11 244 ; 461 004 ; В ; 2 ;;;;;;;;;;;;;;;;;;
;7; Мурманск ; 92 ; 12 755 ; 1 173 460 ; Б ; 10 ;;;;;;;;;;;;;;;;;;
;10; Сочи ; 72 ; 30 573 ; 2 201 256 ; Б ; 6 ;;;;;;;;;;;;;;;;;;
;3; Челябинск ; 57 ; 27 631 ; 1 574 967 ; Б ; 1 ;;;;;;;;;;;;;;;;;;
;7; Мурманск ; 76 ; 27 241 ; 2 070 316 ; Б ; 10 ;;;;;;;;;;;;;;;;;;
;6; Владивосток ; 61 ; 25 116 ; 1 532 076 ; Б ; 7 ;;;;;;;;;;;;;;;;;;
;6; Владивосток ; 70 ; 35 183 ; 2 462 810 ; Б ; 7 ;;;;;;;;;;;;;;;;;;
;4; Архангельск ; 72 ; 12 470 ; 897 840 ; В ; 2 ;;;;;;;;;;;;;;;;;;
;7; Мурманск ; 21 ; 2 459 ; 51 639 ; В ; 10 ;;;;;;;;;;;;;;;;;;
;7; Мурманск ; 77 ; 37 998 ; 2 925 846 ; Б ; 10 ;;;;;;;;;;;;;;;;;;
;8; Новосибирск ; 95 ; 7 682 ; 729 790 ; В ; 5 ;;;;;;;;;;;;;;;;;;
;5; Краснодар ; 1 ; 86 296 ; 86 296 ; В ; 4 ;;;;;;;;;;;;;;;;;;
;7; Мурманск ; 47 ; 29 766 ; 1 399 002 ; Б ; 10 ;;;;;;;;;;;;;;;;;;
;1; Москва ; 82 ; 26 485 ; 2 171 770 ; Б ; 8 ;;;;;;;;;;;;;;;;;;
;8; Новосибирск ; 56 ; 53 748 ; 3 009 888 ; Б ; 5 ;;;;;;;;;;;;;;;;;;
;8; Новосибирск ; 20 ; 37 262 ; 745 240 ; В ; 5 ;;;;;;;;;;;;;;;;;;
;7; Мурманск ; 6 ; 33 128 ; 198 768 ; В ; 10 ;;;;;;;;;;;;;;;;;;
;9; Тюмень ; 76 ; 76 366 ; 5 803 816 ; А ; 3 ;;;;;;;;;;;;;;;;;;
;8; Новосибирск ; 78 ; 45 961 ; 3 584 958 ; Б ; 5 ;;;;;;;;;;;;;;;;;;
;1; Москва ; 63 ; 55 811 ; 3 516 093 ; Б ; 8 ;;;;;;;;;;;;;;;;;;
;5; Краснодар ; 82 ; 16 660 ; 1 366 120 ; Б ; 4 ;;;;;;;;;;;;;;;;;;
;6; Владивосток ; 71 ; 32 980 ; 2 341 580 ; Б ; 7 ;;;;;;;;;;;;;;;;;;
;3; Челябинск ; 63 ; 83 233 ; 5 243 679 ; А ; 1 ;;;;;;;;;;;;;;;;;;
;7; Мурманск ; 25 ; 49 402 ; 1 235 050 ; Б ; 10 ;;;;;;;;;;;;;;;;;;
;10; Сочи ; 61 ; 41 422 ; 2 526 742 ; Б ; 6 ;;;;;;;;;;;;;;;;;;
;1; Москва ; 52 ; 65 839 ; 3 423 628 ; Б ; 8 ;;;;;;;;;;;;;;;;;;
;3; Челябинск ; 83 ; 83 971 ; 6 969 593 ; А ; 1 ;;;;;;;;;;;;;;;;;;
;7; Мурманск ; 2 ; 70 998 ; 141 996 ; В ; 10 ;;;;;;;;;;;;;;;;;;
;4; Архангельск ; 45 ; 28 965 ; 1 303 425 ; Б ; 2 ;;;;;;;;;;;;;;;;;;
;3; Челябинск ; 79 ; 69 979 ; 5 528 341 ; А ; 1 ;;;;;;;;;;;;;;;;;;
;2; Санкт-Петербург ; 90 ; 97 003 ; 8 730 270 ; А ; 9 ;;;;;;;;;;;;;;;;;;
;8; Новосибирск ; 43 ; 79 297 ; 3 409 771 ; Б ; 5 ;;;;;;;;;;;;;;;;;;
;4; Архангельск ; 68 ; 84 626 ; 5 754 568 ; А ; 2 ;;;;;;;;;;;;;;;;;;
;4; Архангельск ; 4 ; 82 070 ; 328 280 ; В ; 2 ;;;;;;;;;;;;;;;;;;
;5; Краснодар ; 56 ; 43 253 ; 2 422 168 ; Б ; 4 ;;;;;;;;;;;;;;;;;;
;10; Сочи ; 33 ; 20 720 ; 683 760 ; В ; 6 ;;;;;;;;;;;;;;;;;;
;8; Новосибирск ; 50 ; 53 579 ; 2 678 950 ; Б ; 5 ;;;;;;;;;;;;;;;;;;
;8; Новосибирск ; 20 ; 28 281 ; 565 620 ; В ; 5 ;;;;;;;;;;;;;;;;;;
;9; Тюмень ; 41 ; 76 157 ; 3 122 437 ; Б ; 3 ;;;;;;;;;;;;;;;;;;
;8; Новосибирск ; 5 ; 35 148 ; 175 740 ; В ; 5 ;;;;;;;;;;;;;;;;;;
;3; Челябинск ; 79 ; 91 631 ; 7 238 849 ; А ; 1 ;;;;;;;;;;;;;;;;;;
;9; Тюмень ; 26 ; 90 883 ; 2 362 958 ; Б ; 3 ;;;;;;;;;;;;;;;;;;
;9; Тюмень ; 76 ; 75 839 ; 5 763 764 ; А ; 3 ;;;;;;;;;;;;;;;;;;
;2; Санкт-Петербург ; 70 ; 92 395 ; 6 467 650 ; А ; 9 ;;;;;;;;;;;;;;;;;;
;4; Архангельск ; 4 ; 72 763 ; 291 052 ; В ; 2 ;;;;;;;;;;;;;;;;;;
;9; Тюмень ; 25 ; 10 609 ; 265 225 ; В ; 3 ;;;;;;;;;;;;;;;;;;
;2; Санкт-Петербург ; 82 ; 59 029 ; 4 840 378 ; Б ; 9 ;;;;;;;;;;;;;;;;;;
;7; Мурманск ; 72 ; 49 455 ; 3 560 760 ; Б ; 10 ;;;;;;;;;;;;;;;;;;
;6; Владивосток ; 69 ; 11 437 ; 789 153 ; В ; 7 ;;;;;;;;;;;;;;;;;;
;8; Новосибирск ; 46 ; 96 772 ; 4 451 512 ; Б ; 5 ;;;;;;;;;;;;;;;;;;
;8; Новосибирск ; 4 ; 19 740 ; 78 960 ; В ; 5 ;;;;;;;;;;;;;;;;;;
;8; Новосибирск ; 77 ; 29 480 ; 2 269 960 ; Б ; 5 ;;;;;;;;;;;;;;;;;;
;1; Москва ; 59 ; 14 635 ; 863 465 ; В ; 8 ;;;;;;;;;;;;;;;;;;
;4; Архангельск ; 86 ; 84 110 ; 7 233 460 ; А ; 2 ;;;;;;;;;;;;;;;;;;
;1; Москва ; 83 ; 91 687 ; 7 610 021 ; А ; 8 ;;;;;;;;;;;;;;;;;;
;2; Санкт-Петербург ; 77 ; 33 516 ; 2 580 732 ; Б ; 9 ;;;;;;;;;;;;;;;;;;
;5; Краснодар ; 80 ; 60 658 ; 4 852 640 ; Б ; 4 ;;;;;;;;;;;;;;;;;;
;5; Краснодар ; 82 ; 93 406 ; 7 659 292 ; А ; 4 ;;;;;;;;;;;;;;;;;;
;10; Сочи ; 35 ; 42 456 ; 1 485 960 ; Б ; 6 ;;;;;;;;;;;;;;;;;;
;2; Санкт-Петербург ; 22 ; 71 985 ; 1 583 670 ; Б ; 9 ;;;;;;;;;;;;;;;;;;
;8; Новосибирск ; 61 ; 99 673 ; 6 080 053 ; А ; 5 ;;;;;;;;;;;;;;;;;;
;7; Мурманск ; 7 ; 32 845 ; 229 915 ; В ; 10 ;;;;;;;;;;;;;;;;;;
;10; Сочи ; 74 ; 79 432 ; 5 877 968 ; А ; 6 ;;;;;;;;;;;;;;;;;;
;2; Санкт-Петербург ; 83 ; 23 922 ; 1 985 526 ; Б ; 9 ;;;;;;;;;;;;;;;;;;
;7; Мурманск ; 78 ; 80 011 ; 6 240 858 ; А ; 10 ;;;;;;;;;;;;;;;;;;
;6; Владивосток ; 92 ; 14 123 ; 1 299 316 ; Б ; 7 ;;;;;;;;;;;;;;;;;;
;8; Новосибирск ; 44 ; 96 467 ; 4 244 548 ; Б ; 5 ;;;;;;;;;;;;;;;;;;
;5; Краснодар ; 25 ; 15 961 ; 399 025 ; В ; 4 ;;;;;;;;;;;;;;;;;;
;10; Сочи ; 5 ; 98 214 ; 491 070 ; В ; 6 ;;;;;;;;;;;;;;;;;;
;3; Челябинск ; 63 ; 1 305 ; 82 215 ; В ; 1 ;;;;;;;;;;;;;;;;;;
;6; Владивосток ; 91 ; 34 301 ; 3 121 391 ; Б ; 7 ;;;;;;;;;;;;;;;;;;
;5; Краснодар ; 27 ; 34 065 ; 919 755 ; В ; 4 ;;;;;;;;;;;;;;;;;;
;5; Краснодар ; 97 ; 78 828 ; 7 646 316 ; А ; 4 ;;;;;;;;;;;;;;;;;;
;8; Новосибирск ; 22 ; 78 436 ; 1 725 592 ; Б ; 5 ;;;;;;;;;;;;;;;;;;
;1; Москва ; 43 ; 67 739 ; 2 912 777 ; Б ; 8 ;;;;;;;;;;;;;;;;;;
;8; Новосибирск ; 6 ; 55 013 ; 330 078 ; В ; 5 ;;;;;;;;;;;;;;;;;;
;10; Сочи ; 80 ; 72 955 ; 5 836 400 ; А ; 6 ;;;;;;;;;;;;;;;;;;
;4; Архангельск ; 36 ; 48 899 ; 1 760 364 ; Б ; 2 ;;;;;;;;;;;;;;;;;;
;9; Тюмень ; 30 ; 25 566 ; 766 980 ; В ; 3 ;;;;;;;;;;;;;;;;;;
;10; Сочи ; 78 ; 4 631 ; 361 218 ; В ; 6 ;;;;;;;;;;;;;;;;;;
;4; Архангельск ; 91 ; 86 547 ; 7 875 777 ; А ; 2 ;;;;;;;;;;;;;;;;;;
;9; Тюмень ; 59 ; 49 527 ; 2 922 093 ; Б ; 3 ;;;;;;;;;;;;;;;;;;
;6; Владивосток ; 23 ; 23 224 ; 534 152 ; В ; 7 ;;;;;;;;;;;;;;;;;;
;6; Владивосток ; 38 ; 37 785 ; 1 435 830 ; Б ; 7 ;;;;;;;;;;;;;;;;;;
;6; Владивосток ; 18 ; 32 453 ; 584 154 ; В ; 7 ;;;;;;;;;;;;;;;;;;
;4; Архангельск ; 77 ; 1 458 ; 112 266 ; В ; 2 ;;;;;;;;;;;;;;;;;;
;4; Архангельск ; 95 ; 31 231 ; 2 966 945 ; Б ; 2 ;;;;;;;;;;;;;;;;;;
;6; Владивосток ; 74 ; 51 105 ; 3 781 770 ; Б ; 7 ;;;;;;;;;;;;;;;;;;
;7; Мурманск ; 85 ; 4 216 ; 358 360 ; В ; 10 ;;;;;;;;;;;;;;;;;;
;8; Новосибирск ; 78 ; 75 751 ; 5 908 578 ; А ; 5 ;;;;;;;;;;;;;;;;;;
;2; Санкт-Петербург ; 11 ; 62 357 ; 685 927 ; В ; 9 ;;;;;;;;;;;;;;;;;;
;4; Архангельск ; 94 ; 12 474 ; 1 172 556 ; Б ; 2 ;;;;;;;;;;;;;;;;;;
;6; Владивосток ; 48 ; 79 623 ; 3 821 904 ; Б ; 7 ;;;;;;;;;;;;;;;;;;
;3; Челябинск ; 48 ; 94 737 ; 4 547 376 ; Б ; 1 ;;;;;;;;;;;;;;;;;;
;7; Мурманск ; 45 ; 86 538 ; 3 894 210 ; Б ; 10 ;;;;;;;;;;;;;;;;;;
;2; Санкт-Петербург ; 84 ; 18 266 ; 1 534 344 ; Б ; 9 ;;;;;;;;;;;;;;;;;;
;8; Новосибирск ; 25 ; 49 994 ; 1 249 850 ; Б ; 5 ;;;;;;;;;;;;;;;;;;
;7; Мурманск ; 93 ; 47 134 ; 4 383 462 ; Б ; 10 ;;;;;;;;;;;;;;;;;;
;7; Мурманск ; 14 ; 69 557 ; 973 798 ; В ; 10 ;;;;;;;;;;;;;;;;;;
;5; Краснодар ; 98 ; 78 323 ; 7 675 654 ; А ; 4 ;;;;;;;;;;;;;;;;;;
;2; Санкт-Петербург ; 45 ; 65 239 ; 2 935 755 ; Б ; 9 ;;;;;;;;;;;;;;;;;;
;10; Сочи ; 78 ; 33 908 ; 2 644 824 ; Б ; 6 ;;;;;;;;;;;;;;;;;;
;8; Новосибирск ; 48 ; 36 458 ; 1 749 984 ; Б ; 5 ;;;;;;;;;;;;;;;;;;
;6; Владивосток ; 54 ; 24 693 ; 1 333 422 ; Б ; 7 ;;;;;;;;;;;;;;;;;;
;7; Мурманск ; 27 ; 16 646 ; 449 442 ; В ; 10 ;;;;;;;;;;;;;;;;;;
;8; Новосибирск ; 4 ; 40 877 ; 163 508 ; В ; 5 ;;;;;;;;;;;;;;;;;;
;3; Челябинск ; 74 ; 60 727 ; 4 493 798 ; Б ; 1 ;;;;;;;;;;;;;;;;;;
;8; Новосибирск ; 78 ; 39 117 ; 3 051 126 ; Б ; 5 ;;;;;;;;;;;;;;;;;;
;5; Краснодар ; 79 ; 33 436 ; 2 641 444 ; Б ; 4 ;;;;;;;;;;;;;;;;;;
;5; Краснодар ; 5 ; 33 072 ; 165 360 ; В ; 4 ;;;;;;;;;;;;;;;;;;
;2; Санкт-Петербург ; 31 ; 80 203 ; 2 486 293 ; Б ; 9 ;;;;;;;;;;;;;;;;;;
;9; Тюмень ; 54 ; 17 260 ; 932 040 ; В ; 3 ;;;;;;;;;;;;;;;;;;
;9; Тюмень ; 26 ; 14 051 ; 365 326 ; В ; 3 ;;;;;;;;;;;;;;;;;;
;5; Краснодар ; 58 ; 73 849 ; 4 283 242 ; Б ; 4 ;;;;;;;;;;;;;;;;;;
;9; Тюмень ; 13 ; 34 756 ; 451 828 ; В ; 3 ;;;;;;;;;;;;;;;;;;
;1; Москва ; 12 ; 46 694 ; 560 328 ; В ; 8 ;;;;;;;;;;;;;;;;;;
;2; Санкт-Петербург ; 63 ; 73 208 ; 4 612 104 ; Б ; 9 ;;;;;;;;;;;;;;;;;;
;5; Краснодар ; 37 ; 72 746 ; 2 691 602 ; Б ; 4 ;;;;;;;;;;;;;;;;;;
;4; Архангельск ; 28 ; 28 712 ; 803 936 ; В ; 2 ;;;;;;;;;;;;;;;;;;
;9; Тюмень ; 33 ; 18 638 ; 615 054 ; В ; 3 ;;;;;;;;;;;;;;;;;;
;3; Челябинск ; 29 ; 23 693 ; 687 097 ; В ; 1 ;;;;;;;;;;;;;;;;;;
;3; Челябинск ; 83 ; 53 092 ; 4 406 636 ; Б ; 1 ;;;;;;;;;;;;;;;;;;
;7; Мурманск ; 91 ; 23 017 ; 2 094 547 ; Б ; 10 ;;;;;;;;;;;;;;;;;;
;9; Тюмень ; 81 ; 56 436 ; 4 571 316 ; Б ; 3 ;;;;;;;;;;;;;;;;;;
;8; Новосибирск ; 9 ; 70 908 ; 638 172 ; В ; 5 ;;;;;;;;;;;;;;;;;;
;8; Новосибирск ; 93 ; 48 370 ; 4 498 410 ; Б ; 5 ;;;;;;;;;;;;;;;;;;
;6; Владивосток ; 31 ; 47 165 ; 1 462 115 ; Б ; 7 ;;;;;;;;;;;;;;;;;;
;8; Новосибирск ; 64 ; 77 797 ; 4 979 008 ; Б ; 5 ;;;;;;;;;;;;;;;;;;
;2; Санкт-Петербург ; 62 ; 47 168 ; 2 924 416 ; Б ; 9 ;;;;;;;;;;;;;;;;;;
;10; Сочи ; 48 ; 23 322 ; 1 119 456 ; Б ; 6 ;;;;;;;;;;;;;;;;;;
;10; Сочи ; 44 ; 39 867 ; 1 754 148 ; Б ; 6 ;;;;;;;;;;;;;;;;;;
;5; Краснодар ; 15 ; 74 772 ; 1 121 580 ; Б ; 4 ;;;;;;;;;;;;;;;;;;
;4; Архангельск ; 72 ; 56 748 ; 4 085 856 ; Б ; 2 ;;;;;;;;;;;;;;;;;;
;8; Новосибирск ; 55 ; 17 809 ; 979 495 ; В ; 5 ;;;;;;;;;;;;;;;;;;
;10; Сочи ; 40 ; 11 473 ; 458 920 ; В ; 6 ;;;;;;;;;;;;;;;;;;
;2; Санкт-Петербург ; 100 ; 22 499 ; 2 249 900 ; Б ; 9 ;;;;;;;;;;;;;;;;;;
;5; Краснодар ; 23 ; 56 680 ; 1 303 640 ; Б ; 4 ;;;;;;;;;;;;;;;;;;
;3; Челябинск ; 15 ; 18 424 ; 276 360 ; В ; 1 ;;;;;;;;;;;;;;;;;;
;2; Санкт-Петербург ; 46 ; 33 146 ; 1 524 716 ; Б ; 9 ;;;;;;;;;;;;;;;;;;
;9; Тюмень ; 49 ; 10 677 ; 523 173 ; В ; 3 ;;;;;;;;;;;;;;;;;;
;9; Тюмень ; 2 ; 56 299 ; 112 598 ; В ; 3 ;;;;;;;;;;;;;;;;;;
;10; Сочи ; 22 ; 52 847 ; 1 162 634 ; Б ; 6 ;;;;;;;;;;;;;;;;;;
;3; Челябинск ; 11 ; 52 782 ; 580 602 ; В ; 1 ;;;;;;;;;;;;;;;;;;
;5; Краснодар ; 16 ; 3 808 ; 60 928 ; В ; 4 ;;;;;;;;;;;;;;;;;;
;4; Архангельск ; 28 ; 44 543 ; 1 247 204 ; Б ; 2 ;;;;;;;;;;;;;;;;;;
;2; Санкт-Петербург ; 82 ; 11 956 ; 980 392 ; В ; 9 ;;;;;;;;;;;;;;;;;;
;4; Архангельск ; 52 ; 32 681 ; 1 699 412 ; Б ; 2 ;;;;;;;;;;;;;;;;;;
;10; Сочи ; 65 ; 22 176 ; 1 441 440 ; Б ; 6 ;;;;;;;;;;;;;;;;;;
;8; Новосибирск ; 98 ; 40 994 ; 4 017 412 ; Б ; 5 ;;;;;;;;;;;;;;;;;;
;8; Новосибирск ; 56 ; 90 690 ; 5 078 640 ; А ; 5 ;;;;;;;;;;;;;;;;;;
;5; Краснодар ; 11 ; 12 971 ; 142 681 ; В ; 4 ;;;;;;;;;;;;;;;;;;
;4; Архангельск ; 70 ; 50 584 ; 3 540 880 ; Б ; 2 ;;;;;;;;;;;;;;;;;;
;7; Мурманск ; 65 ; 72 681 ; 4 724 265 ; Б ; 10 ;;;;;;;;;;;;;;;;;;
;6; Владивосток ; 34 ; 65 649 ; 2 232 066 ; Б ; 7 ;;;;;;;;;;;;;;;;;;
;4; Архангельск ; 50 ; 1 781 ; 89 050 ; В ; 2 ;;;;;;;;;;;;;;;;;;
;3; Челябинск ; 51 ; 70 838 ; 3 612 738 ; Б ; 1 ;;;;;;;;;;;;;;;;;;
;4; Архангельск ; 47 ; 76 623 ; 3 601 281 ; Б ; 2 ;;;;;;;;;;;;;;;;;;
;3; Челябинск ; 31 ; 82 466 ; 2 556 446 ; Б ; 1 ;;;;;;;;;;;;;;;;;;
;10; Сочи ; 62 ; 88 158 ; 5 465 796 ; А ; 6 ;;;;;;;;;;;;;;;;;;
;1; Москва ; 38 ; 19 981 ; 759 278 ; В ; 8 ;;;;;;;;;;;;;;;;;;
;4; Архангельск ; 42 ; 25 126 ; 1 055 292 ; Б ; 2 ;;;;;;;;;;;;;;;;;;
;1; Москва ; -   ; 81 905 ; -   ;   ; 8 ;;;;;;;;;;;;;;;;;;
;5; Краснодар ; 11 ; 84 742 ; 932 162 ; В ; 4 ;;;;;;;;;;;;;;;;;;
;2; Санкт-Петербург ; 45 ; 70 279 ; 3 162 555 ; Б ; 9 ;;;;;;;;;;;;;;;;;;
;6; Владивосток ; 89 ; 75 835 ; 6 749 315 ; А ; 7 ;;;;;;;;;;;;;;;;;;
;6; Владивосток ; 88 ; 42 726 ; 3 759 888 ; Б ; 7 ;;;;;;;;;;;;;;;;;;
;3; Челябинск ; 96 ; 86 189 ; 8 274 144 ; А ; 1 ;;;;;;;;;;;;;;;;;;
;6; Владивосток ; 81 ; 42 952 ; 3 479 112 ; Б ; 7 ;;;;;;;;;;;;;;;;;;
;4; Архангельск ; 38 ; 53 521 ; 2 033 798 ; Б ; 2 ;;;;;;;;;;;;;;;;;;
;7; Мурманск ; 95 ; 51 296 ; 4 873 120 ; Б ; 10 ;;;;;;;;;;;;;;;;;;
;5; Краснодар ; 38 ; 62 341 ; 2 368 958 ; Б ; 4 ;;;;;;;;;;;;;;;;;;
;8; Новосибирск ; 85 ; 34 663 ; 2 946 355 ; Б ; 5 ;;;;;;;;;;;;;;;;;;
;3; Челябинск ; 55 ; 45 639 ; 2 510 145 ; Б ; 1 ;;;;;;;;;;;;;;;;;;
;9; Тюмень ; 79 ; 98 943 ; 7 816 497 ; А ; 3 ;;;;;;;;;;;;;;;;;;
;5; Краснодар ; 100 ; 70 148 ; 7 014 800 ; А ; 4 ;;;;;;;;;;;;;;;;;;
;10; Сочи ; 82 ; 78 747 ; 6 457 254 ; А ; 6 ;;;;;;;;;;;;;;;;;;
;5; Краснодар ; 50 ; 32 617 ; 1 630 850 ; Б ; 4 ;;;;;;;;;;;;;;;;;;
;2; Санкт-Петербург ; 72 ; 3 068 ; 220 896 ; В ; 9 ;;;;;;;;;;;;;;;;;;
;10; Сочи ; 17 ; 94 342 ; 1 603 814 ; Б ; 6 ;;;;;;;;;;;;;;;;;;
;9; Тюмень ; 63 ; 29 200 ; 1 839 600 ; Б ; 3 ;;;;;;;;;;;;;;;;;;
;5; Краснодар ; 23 ; 37 905 ; 871 815 ; В ; 4 ;;;;;;;;;;;;;;;;;;
;10; Сочи ; 23 ; 46 009 ; 1 058 207 ; Б ; 6 ;;;;;;;;;;;;;;;;;;
;9; Тюмень ; 71 ; 11 854 ; 841 634 ; В ; 3 ;;;;;;;;;;;;;;;;;;
;2; Санкт-Петербург ; 100 ; 63 412 ; 6 341 200 ; А ; 9 ;;;;;;;;;;;;;;;;;;
;4; Архангельск ; 47 ; 5 774 ; 271 378 ; В ; 2 ;;;;;;;;;;;;;;;;;;
;1; Москва ; 76 ; 54 641 ; 4 152 716 ; Б ; 8 ;;;;;;;;;;;;;;;;;;
;9; Тюмень ; 69 ; 75 992 ; 5 243 448 ; А ; 3 ;;;;;;;;;;;;;;;;;;
;3; Челябинск ; 70 ; 21 648 ; 1 515 360 ; Б ; 1 ;;;;;;;;;;;;;;;;;;
;5; Краснодар ; 65 ; 99 861 ; 6 490 965 ; А ; 4 ;;;;;;;;;;;;;;;;;;
;6; Владивосток ; 53 ; 88 742 ; 4 703 326 ; Б ; 7 ;;;;;;;;;;;;;;;;;;
;1; Москва ; 65 ; 39 359 ; 2 558 335 ; Б ; 8 ;;;;;;;;;;;;;;;;;;
;5; Краснодар ; 22 ; 58 290 ; 1 282 380 ; Б ; 4 ;;;;;;;;;;;;;;;;;;
;1; Москва ; 18 ; 36 464 ; 656 352 ; В ; 8 ;;;;;;;;;;;;;;;;;;
;2; Санкт-Петербург ; 89 ; 65 102 ; 5 794 078 ; А ; 9 ;;;;;;;;;;;;;;;;;;
;10; Сочи ; 95 ; 83 524 ; 7 934 780 ; А ; 6 ;;;;;;;;;;;;;;;;;;
;3; Челябинск ; 52 ; 30 812 ; 1 602 224 ; Б ; 1 ;;;;;;;;;;;;;;;;;;
;10; Сочи ; 100 ; 26 593 ; 2 659 300 ; Б ; 6 ;;;;;;;;;;;;;;;;;;
;4; Архангельск ; 64 ; 99 379 ; 6 360 256 ; А ; 2 ;;;;;;;;;;;;;;;;;;
;1; Москва ; 42 ; 90 449 ; 3 798 858 ; Б ; 8 ;;;;;;;;;;;;;;;;;;
;8; Новосибирск ; 13 ; 2 521 ; 32 773 ; В ; 5 ;;;;;;;;;;;;;;;;;;
;9; Тюмень ; 24 ; 59 765 ; 1 434 360 ; Б ; 3 ;;;;;;;;;;;;;;;;;;
;5; Краснодар ; 83 ; 80 712 ; 6 699 096 ; А ; 4 ;;;;;;;;;;;;;;;;;;
;2; Санкт-Петербург ; 28 ; 27 654 ; 774 312 ; В ; 9 ;;;;;;;;;;;;;;;;;;
;1; Москва ; 53 ; 77 042 ; 4 083 226 ; Б ; 8 ;;;;;;;;;;;;;;;;;;
;6; Владивосток ; 39 ; 4 549 ; 177 411 ; В ; 7 ;;;;;;;;;;;;;;;;;;
;1; Москва ; 65 ; 63 079 ; 4 100 135 ; Б ; 8 ;;;;;;;;;;;;;;;;;;
;2; Санкт-Петербург ; 23 ; 61 145 ; 1 406 335 ; Б ; 9 ;;;;;;;;;;;;;;;;;;
;5; Краснодар ; 63 ; 59 544 ; 3 751 272 ; Б ; 4 ;;;;;;;;;;;;;;;;;;
;8; Новосибирск ; 44 ; 30 866 ; 1 358 104 ; Б ; 5 ;;;;;;;;;;;;;;;;;;
;10; Сочи ; 68 ; 87 405 ; 5 943 540 ; А ; 6 ;;;;;;;;;;;;;;;;;;
;5; Краснодар ; 88 ; 99 083 ; 8 719 304 ; А ; 4 ;;;;;;;;;;;;;;;;;;
;6; Владивосток ; 70 ; 33 735 ; 2 361 450 ; Б ; 7 ;;;;;;;;;;;;;;;;;;
;3; Челябинск ; 44 ; 67 035 ; 2 949 540 ; Б ; 1 ;;;;;;;;;;;;;;;;;;
;10; Сочи ; 31 ; 28 423 ; 881 113 ; В ; 6 ;;;;;;;;;;;;;;;;;;
;9; Тюмень ; 36 ; 53 203 ; 1 915 308 ; Б ; 3 ;;;;;;;;;;;;;;;;;;
;4; Архангельск ; 38 ; 72 590 ; 2 758 420 ; Б ; 2 ;;;;;;;;;;;;;;;;;;
;1; Москва ; 27 ; 73 567 ; 1 986 309 ; Б ; 8 ;;;;;;;;;;;;;;;;;;
;10; Сочи ; 46 ; 60 286 ; 2 773 156 ; Б ; 6 ;;;;;;;;;;;;;;;;;;
;2; Санкт-Петербург ; 25 ; 25 994 ; 649 850 ; В ; 9 ;;;;;;;;;;;;;;;;;;
;6; Владивосток ; 2 ; 72 837 ; 145 674 ; В ; 7 ;;;;;;;;;;;;;;;;;;
;1; Москва ; 67 ; 44 716 ; 2 995 972 ; Б ; 8 ;;;;;;;;;;;;;;;;;;
;6; Владивосток ; 51 ; 57 917 ; 2 953 767 ; Б ; 7 ;;;;;;;;;;;;;;;;;;
;3; Челябинск ; 67 ; 27 612 ; 1 850 004 ; Б ; 1 ;;;;;;;;;;;;;;;;;;
;9; Тюмень ; 31 ; 10 191 ; 315 921 ; В ; 3 ;;;;;;;;;;;;;;;;;;
;6; Владивосток ; 44 ; 34 773 ; 1 530 012 ; Б ; 7 ;;;;;;;;;;;;;;;;;;
;8; Новосибирск ; 54 ; 13 131 ; 709 074 ; В ; 5 ;;;;;;;;;;;;;;;;;;
;2; Санкт-Петербург ; 72 ; 14 558 ; 1 048 176 ; Б ; 9 ;;;;;;;;;;;;;;;;;;
;4; Архангельск ; 1 ; 21 339 ; 21 339 ; В ; 2 ;;;;;;;;;;;;;;;;;;
;6; Владивосток ; 6 ; 11 117 ; 66 702 ; В ; 7 ;;;;;;;;;;;;;;;;;;
;10; Сочи ; 76 ; 79 485 ; 6 040 860 ; А ; 6 ;;;;;;;;;;;;;;;;;;
;6; Владивосток ; 7 ; 52 097 ; 364 679 ; В ; 7 ;;;;;;;;;;;;;;;;;;
;1; Москва ; 12 ; 15 675 ; 188 100 ; В ; 8 ;;;;;;;;;;;;;;;;;;
;6; Владивосток ; 36 ; 29 004 ; 1 044 144 ; Б ; 7 ;;;;;;;;;;;;;;;;;;
;9; Тюмень ; 20 ; 47 890 ; 957 800 ; В ; 3 ;;;;;;;;;;;;;;;;;;
;9; Тюмень ; 95 ; 6 429 ; 610 755 ; В ; 3 ;;;;;;;;;;;;;;;;;;
;5; Краснодар ; 16 ; 4 781 ; 76 496 ; В ; 4 ;;;;;;;;;;;;;;;;;;
;10; Сочи ; 59 ; 35 122 ; 2 072 198 ; Б ; 6 ;;;;;;;;;;;;;;;;;;
;5; Краснодар ; 72 ; 34 973 ; 2 518 056 ; Б ; 4 ;;;;;;;;;;;;;;;;;;
;5; Краснодар ; 11 ; 53 616 ; 589 776 ; В ; 4 ;;;;;;;;;;;;;;;;;;
;1; Москва ; 78 ; 60 667 ; 4 732 026 ; Б ; 8 ;;;;;;;;;;;;;;;;;;
;7; Мурманск ; 65 ; 91 885 ; 5 972 525 ; А ; 10 ;;;;;;;;;;;;;;;;;;
;1; Москва ; 12 ; 8 182 ; 98 184 ; В ; 8 ;;;;;;;;;;;;;;;;;;
;6; Владивосток ; 42 ; 25 246 ; 1 060 332 ; Б ; 7 ;;;;;;;;;;;;;;;;;;
;6; Владивосток ; 53 ; 1 748 ; 92 644 ; В ; 7 ;;;;;;;;;;;;;;;;;;
;3; Челябинск ; 63 ; 32 476 ; 2 045 988 ; Б ; 1 ;;;;;;;;;;;;;;;;;;
;9; Тюмень ; 70 ; 28 651 ; 2 005 570 ; Б ; 3 ;;;;;;;;;;;;;;;;;;
;8; Новосибирск ; 35 ; 65 862 ; 2 305 170 ; Б ; 5 ;;;;;;;;;;;;;;;;;;
;2; Санкт-Петербург ; 1 ; 93 587 ; 93 587 ; В ; 9 ;;;;;;;;;;;;;;;;;;
;2; Санкт-Петербург ; 59 ; 31 651 ; 1 867 409 ; Б ; 9 ;;;;;;;;;;;;;;;;;;
;9; Тюмень ; 86 ; 23 802 ; 2 046 972 ; Б ; 3 ;;;;;;;;;;;;;;;;;;
;8; Новосибирск ; 96 ; 28 130 ; 2 700 480 ; Б ; 5 ;;;;;;;;;;;;;;;;;;
;7; Мурманск ; 15 ; 91 372 ; 1 370 580 ; Б ; 10 ;;;;;;;;;;;;;;;;;;
;3; Челябинск ; 54 ; 13 281 ; 717 174 ; В ; 1 ;;;;;;;;;;;;;;;;;;
;3; Челябинск ; 13 ; 79 711 ; 1 036 243 ; Б ; 1 ;;;;;;;;;;;;;;;;;;
;9; Тюмень ; 98 ; 80 762 ; 7 914 676 ; А ; 3 ;;;;;;;;;;;;;;;;;;
;6; Владивосток ; 81 ; 89 154 ; 7 221 474 ; А ; 7 ;;;;;;;;;;;;;;;;;;
;6; Владивосток ; 73 ; 72 650 ; 5 303 450 ; А ; 7 ;;;;;;;;;;;;;;;;;;
;4; Архангельск ; 36 ; 65 212 ; 2 347 632 ; Б ; 2 ;;;;;;;;;;;;;;;;;;
;9; Тюмень ; 21 ; 54 188 ; 1 137 948 ; Б ; 3 ;;;;;;;;;;;;;;;;;;
;2; Санкт-Петербург ; 59 ; 7 831 ; 462 029 ; В ; 9 ;;;;;;;;;;;;;;;;;;
;3; Челябинск ; 13 ; 32 500 ; 422 500 ; В ; 1 ;;;;;;;;;;;;;;;;;;
;4; Архангельск ; 12 ; 72 763 ; 873 156 ; В ; 2 ;;;;;;;;;;;;;;;;;;
;2; Санкт-Петербург ; 21 ; 97 978 ; 2 057 538 ; Б ; 9 ;;;;;;;;;;;;;;;;;;
;5; Краснодар ; 94 ; 97 883 ; 9 201 002 ; А ; 4 ;;;;;;;;;;;;;;;;;;
;10; Сочи ; 27 ; 13 833 ; 373 491 ; В ; 6 ;;;;;;;;;;;;;;;;;;
;6; Владивосток ; 48 ; 92 050 ; 4 418 400 ; Б ; 7 ;;;;;;;;;;;;;;;;;;
;5; Краснодар ; 14 ; 76 012 ; 1 064 168 ; Б ; 4 ;;;;;;;;;;;;;;;;;;
;6; Владивосток ; 43 ; 80 853 ; 3 476 679 ; Б ; 7 ;;;;;;;;;;;;;;;;;;
;4; Архангельск ; 16 ; 41 454 ; 663 264 ; В ; 2 ;;;;;;;;;;;;;;;;;;
;10; Сочи ; 89 ; 5 344 ; 475 616 ; В ; 6 ;;;;;;;;;;;;;;;;;;
;8; Новосибирск ; 91 ; 75 406 ; 6 861 946 ; А ; 5 ;;;;;;;;;;;;;;;;;;
;2; Санкт-Петербург ; 41 ; 97 586 ; 4 001 026 ; Б ; 9 ;;;;;;;;;;;;;;;;;;
;9; Тюмень ; 64 ; 70 267 ; 4 497 088 ; Б ; 3 ;;;;;;;;;;;;;;;;;;
;7; Мурманск ; 44 ; 3 621 ; 159 324 ; В ; 10 ;;;;;;;;;;;;;;;;;;
;1; Москва ; 57 ; 49 178 ; 2 803 146 ; Б ; 8 ;;;;;;;;;;;;;;;;;;
;6; Владивосток ; 78 ; 97 210 ; 7 582 380 ; А ; 7 ;;;;;;;;;;;;;;;;;;
;5; Краснодар ; 84 ; 36 324 ; 3 051 216 ; Б ; 4 ;;;;;;;;;;;;;;;;;;
;5; Краснодар ; 29 ; 37 410 ; 1 084 890 ; Б ; 4 ;;;;;;;;;;;;;;;;;;
;8; Новосибирск ; 96 ; 77 676 ; 7 456 896 ; А ; 5 ;;;;;;;;;;;;;;;;;;
;8; Новосибирск ; 4 ; 42 872 ; 171 488 ; В ; 5 ;;;;;;;;;;;;;;;;;;
;3; Челябинск ; 96 ; 31 623 ; 3 035 808 ; Б ; 1 ;;;;;;;;;;;;;;;;;;
;1; Москва ; 37 ; 84 409 ; 3 123 133 ; Б ; 8 ;;;;;;;;;;;;;;;;;;
;7; Мурманск ; 60 ; 60 745 ; 3 644 700 ; Б ; 10 ;;;;;;;;;;;;;;;;;;
;4; Архангельск ; 73 ; 43 222 ; 3 155 206 ; Б ; 2 ;;;;;;;;;;;;;;;;;;
;10; Сочи ; 32 ; 8 651 ; 276 832 ; В ; 6 ;;;;;;;;;;;;;;;;;;
;6; Владивосток ; 33 ; 45 840 ; 1 512 720 ; Б ; 7 ;;;;;;;;;;;;;;;;;;
;10; Сочи ; 84 ; 28 652 ; 2 406 768 ; Б ; 6 ;;;;;;;;;;;;;;;;;;
;8; Новосибирск ; 87 ; 13 646 ; 1 187 202 ; Б ; 5 ;;;;;;;;;;;;;;;;;;
;6; Владивосток ; 57 ; 4 685 ; 267 045 ; В ; 7 ;;;;;;;;;;;;;;;;;;
;3; Челябинск ; 78 ; 63 564 ; 4 957 992 ; Б ; 1 ;;;;;;;;;;;;;;;;;;
;9; Тюмень ; 20 ; 81 758 ; 1 635 160 ; Б ; 3 ;;;;;;;;;;;;;;;;;;
;4; Архангельск ; 92 ; 55 255 ; 5 083 460 ; А ; 2 ;;;;;;;;;;;;;;;;;;
;2; Санкт-Петербург ; 23 ; 93 836 ; 2 158 228 ; Б ; 9 ;;;;;;;;;;;;;;;;;;
;4; Архангельск ; 67 ; 69 933 ; 4 685 511 ; Б ; 2 ;;;;;;;;;;;;;;;;;;
;10; Сочи ; 10 ; 57 935 ; 579 350 ; В ; 6 ;;;;;;;;;;;;;;;;;;
;3; Челябинск ; 73 ; 66 613 ; 4 862 749 ; Б ; 1 ;;;;;;;;;;;;;;;;;;
;7; Мурманск ; 48 ; 66 846 ; 3 208 608 ; Б ; 10 ;;;;;;;;;;;;;;;;;;
;7; Мурманск ; 6 ; 55 409 ; 332 454 ; В ; 10 ;;;;;;;;;;;;;;;;;;
;6; Владивосток ; 67 ; 16 744 ; 1 121 848 ; Б ; 7 ;;;;;;;;;;;;;;;;;;
;10; Сочи ; 98 ; 73 224 ; 7 175 952 ; А ; 6 ;;;;;;;;;;;;;;;;;;
;9; Тюмень ; 14 ; 26 636 ; 372 904 ; В ; 3 ;;;;;;;;;;;;;;;;;;
;4; Архангельск ; 8 ; 63 912 ; 511 296 ; В ; 2 ;;;;;;;;;;;;;;;;;;
;3; Челябинск ; 92 ; 55 357 ; 5 092 844 ; А ; 1 ;;;;;;;;;;;;;;;;;;
;7; Мурманск ; 70 ; 86 770 ; 6 073 900 ; А ; 10 ;;;;;;;;;;;;;;;;;;
;8; Новосибирск ; 96 ; 18 605 ; 1 786 080 ; Б ; 5 ;;;;;;;;;;;;;;;;;;
;4; Архангельск ; 4 ; 14 940 ; 59 760 ; В ; 2 ;;;;;;;;;;;;;;;;;;
;8; Новосибирск ; 10 ; 50 220 ; 502 200 ; В ; 5 ;;;;;;;;;;;;;;;;;;
;4; Архангельск ; 8 ; 88 089 ; 704 712 ; В ; 2 ;;;;;;;;;;;;;;;;;;
;9; Тюмень ; 8 ; 81 672 ; 653 376 ; В ; 3 ;;;;;;;;;;;;;;;;;;
;7; Мурманск ; 100 ; 45 421 ; 4 542 100 ; Б ; 10 ;;;;;;;;;;;;;;;;;;
;3; Челябинск ; 46 ; 17 486 ; 804 356 ; В ; 1 ;;;;;;;;;;;;;;;;;;
;3; Челябинск ; 63 ; 34 913 ; 2 199 519 ; Б ; 1 ;;;;;;;;;;;;;;;;;;
;9; Тюмень ; 91 ; 27 075 ; 2 463 825 ; Б ; 3 ;;;;;;;;;;;;;;;;;;
;1; Москва ; 39 ; 84 326 ; 3 288 714 ; Б ; 8 ;;;;;;;;;;;;;;;;;;
;6; Владивосток ; 96 ; 3 180 ; 305 280 ; В ; 7 ;;;;;;;;;;;;;;;;;;
;4; Архангельск ; 40 ; 92 356 ; 3 694 240 ; Б ; 2 ;;;;;;;;;;;;;;;;;;
;3; Челябинск ; 1 ; 33 920 ; 33 920 ; В ; 1 ;;;;;;;;;;;;;;;;;;
;2; Санкт-Петербург ; 100 ; 46 025 ; 4 602 500 ; Б ; 9 ;;;;;;;;;;;;;;;;;;
;10; Сочи ; 54 ; 97 126 ; 5 244 804 ; А ; 6 ;;;;;;;;;;;;;;;;;;
;5; Краснодар ; 66 ; 96 138 ; 6 345 108 ; А ; 4 ;;;;;;;;;;;;;;;;;;
;1; Москва ; 49 ; 81 475 ; 3 992 275 ; Б ; 8 ;;;;;;;;;;;;;;;;;;
;9; Тюмень ; 17 ; 48 404 ; 822 868 ; В ; 3 ;;;;;;;;;;;;;;;;;;
;9; Тюмень ; 49 ; 75 609 ; 3 704 841 ; Б ; 3 ;;;;;;;;;;;;;;;;;;
;6; Владивосток ; 63 ; 30 580 ; 1 926 540 ; Б ; 7 ;;;;;;;;;;;;;;;;;;
;3; Челябинск ; 39 ; 99 219 ; 3 869 541 ; Б ; 1 ;;;;;;;;;;;;;;;;;;
;10; Сочи ; 27 ; 61 713 ; 1 666 251 ; Б ; 6 ;;;;;;;;;;;;;;;;;;
;5; Краснодар ; 4 ; 58 811 ; 235 244 ; В ; 4 ;;;;;;;;;;;;;;;;;;
;5; Краснодар ; 65 ; 36 333 ; 2 361 645 ; Б ; 4 ;;;;;;;;;;;;;;;;;;
;1; Москва ; 55 ; 42 635 ; 2 344 925 ; Б ; 8 ;;;;;;;;;;;;;;;;;;
;9; Тюмень ; 37 ; 77 187 ; 2 855 919 ; Б ; 3 ;;;;;;;;;;;;;;;;;;
;2; Санкт-Петербург ; 30 ; 4 971 ; 149 130 ; В ; 9 ;;;;;;;;;;;;;;;;;;
;6; Владивосток ; 46 ; 46 863 ; 2 155 698 ; Б ; 7 ;;;;;;;;;;;;;;;;;;
;6; Владивосток ; 57 ; 92 764 ; 5 287 548 ; А ; 7 ;;;;;;;;;;;;;;;;;;
;8; Новосибирск ; 19 ; 3 394 ; 64 486 ; В ; 5 ;;;;;;;;;;;;;;;;;;
;4; Архангельск ; 40 ; 21 313 ; 852 520 ; В ; 2 ;;;;;;;;;;;;;;;;;;
;9; Тюмень ; 77 ; 43 686 ; 3 363 822 ; Б ; 3 ;;;;;;;;;;;;;;;;;;
;10; Сочи ; 12 ; 88 495 ; 1 061 940 ; Б ; 6 ;;;;;;;;;;;;;;;;;;
;5; Краснодар ; 34 ; 82 357 ; 2 800 138 ; Б ; 4 ;;;;;;;;;;;;;;;;;;
;5; Краснодар ; 83 ; 6 717 ; 557 511 ; В ; 4 ;;;;;;;;;;;;;;;;;;
;4; Архангельск ; 12 ; 39 352 ; 472 224 ; В ; 2 ;;;;;;;;;;;;;;;;;;
;5; Краснодар ; 40 ; 72 613 ; 2 904 520 ; Б ; 4 ;;;;;;;;;;;;;;;;;;
;3; Челябинск ; 74 ; 43 401 ; 3 211 674 ; Б ; 1 ;;;;;;;;;;;;;;;;;;
;5; Краснодар ; 14 ; 12 139 ; 169 946 ; В ; 4 ;;;;;;;;;;;;;;;;;;
;9; Тюмень ; 94 ; 85 180 ; 8 006 920 ; А ; 3 ;;;;;;;;;;;;;;;;;;
;5; Краснодар ; 97 ; 70 601 ; 6 848 297 ; А ; 4 ;;;;;;;;;;;;;;;;;;
;2; Санкт-Петербург ; 32 ; 63 770 ; 2 040 640 ; Б ; 9 ;;;;;;;;;;;;;;;;;;
;3; Челябинск ; 81 ; 31 783 ; 2 574 423 ; Б ; 1 ;;;;;;;;;;;;;;;;;;
;2; Санкт-Петербург ; 85 ; 6 742 ; 573 070 ; В ; 9 ;;;;;;;;;;;;;;;;;;
;3; Челябинск ; 68 ; 92 181 ; 6 268 308 ; А ; 1 ;;;;;;;;;;;;;;;;;;
;3; Челябинск ; 3 ; 70 985 ; 212 955 ; В ; 1 ;;;;;;;;;;;;;;;;;;
;2; Санкт-Петербург ; 38 ; 17 026 ; 646 988 ; В ; 9 ;;;;;;;;;;;;;;;;;;
;10; Сочи ; 31 ; 55 097 ; 1 708 007 ; Б ; 6 ;;;;;;;;;;;;;;;;;;
;6; Владивосток ; 3 ; 58 612 ; 175 836 ; В ; 7 ;;;;;;;;;;;;;;;;;;
;6; Владивосток ; 97 ; 59 952 ; 5 815 344 ; А ; 7 ;;;;;;;;;;;;;;;;;;
;9; Тюмень ; 84 ; 14 088 ; 1 183 392 ; Б ; 3 ;;;;;;;;;;;;;;;;;;
;4; Архангельск ; 40 ; 97 775 ; 3 911 000 ; Б ; 2 ;;;;;;;;;;;;;;;;;;
;7; Мурманск ; 64 ; 51 741 ; 3 311 424 ; Б ; 10 ;;;;;;;;;;;;;;;;;;
;10; Сочи ; 87 ; 38 822 ; 3 377 514 ; Б ; 6 ;;;;;;;;;;;;;;;;;;
;8; Новосибирск ; 29 ; 29 451 ; 854 079 ; В ; 5 ;;;;;;;;;;;;;;;;;;
;5; Краснодар ; 87 ; 22 513 ; 1 958 631 ; Б ; 4 ;;;;;;;;;;;;;;;;;;
;8; Новосибирск ; 99 ; 92 796 ; 9 186 804 ; А ; 5 ;;;;;;;;;;;;;;;;;;
;3; Челябинск ; 80 ; 98 603 ; 7 888 240 ; А ; 1 ;;;;;;;;;;;;;;;;;;
;10; Сочи ; 83 ; 19 035 ; 1 579 905 ; Б ; 6 ;;;;;;;;;;;;;;;;;;
;8; Новосибирск ; 53 ; 66 739 ; 3 537 167 ; Б ; 5 ;;;;;;;;;;;;;;;;;;
;4; Архангельск ; 47 ; 44 930 ; 2 111 710 ; Б ; 2 ;;;;;;;;;;;;;;;;;;
;10; Сочи ; 13 ; 12 510 ; 162 630 ; В ; 6 ;;;;;;;;;;;;;;;;;;
;3; Челябинск ; 65 ; 1 119 ; 72 735 ; В ; 1 ;;;;;;;;;;;;;;;;;;
;9; Тюмень ; 81 ; 82 805 ; 6 707 205 ; А ; 3 ;;;;;;;;;;;;;;;;;;
;10; Сочи ; 67 ; 35 527 ; 2 380 309 ; Б ; 6 ;;;;;;;;;;;;;;;;;;
;4; Архангельск ; 73 ; 48 091 ; 3 510 643 ; Б ; 2 ;;;;;;;;;;;;;;;;;;
;9; Тюмень ; 50 ; 95 014 ; 4 750 700 ; Б ; 3 ;;;;;;;;;;;;;;;;;;
;5; Краснодар ; 54 ; 15 970 ; 862 380 ; В ; 4 ;;;;;;;;;;;;;;;;;;
;4; Архангельск ; 84 ; 12 241 ; 1 028 244 ; Б ; 2 ;;;;;;;;;;;;;;;;;;
;4; Архангельск ; 40 ; 22 068 ; 882 720 ; В ; 2 ;;;;;;;;;;;;;;;;;;
;8; Новосибирск ; 28 ; 89 477 ; 2 505 356 ; Б ; 5 ;;;;;;;;;;;;;;;;;;
;7; Мурманск ; 10 ; 11 141 ; 111 410 ; В ; 10 ;;;;;;;;;;;;;;;;;;
;7; Мурманск ; 67 ; 16 794 ; 1 125 198 ; Б ; 10 ;;;;;;;;;;;;;;;;;;
;8; Новосибирск ; 59 ; 62 961 ; 3 714 699 ; Б ; 5 ;;;;;;;;;;;;;;;;;;
;5; Краснодар ; 94 ; 25 895 ; 2 434 130 ; Б ; 4 ;;;;;;;;;;;;;;;;;;
;5; Краснодар ; 72 ; 49 350 ; 3 553 200 ; Б ; 4 ;;;;;;;;;;;;;;;;;;
;9; Тюмень ; 33 ; 87 526 ; 2 888 358 ; Б ; 3 ;;;;;;;;;;;;;;;;;;
;6; Владивосток ; 35 ; 12 437 ; 435 295 ; В ; 7 ;;;;;;;;;;;;;;;;;;
;8; Новосибирск ; 62 ; 14 199 ; 880 338 ; В ; 5 ;;;;;;;;;;;;;;;;;;
;3; Челябинск ; -   ; 4 991 ; -   ;   ; 1 ;;;;;;;;;;;;;;;;;;
;7; Мурманск ; 73 ; 87 690 ; 6 401 370 ; А ; 10 ;;;;;;;;;;;;;;;;;;
;8; Новосибирск ; 56 ; 39 426 ; 2 207 856 ; Б ; 5 ;;;;;;;;;;;;;;;;;;
;5; Краснодар ; 3 ; 73 537 ; 220 611 ; В ; 4 ;;;;;;;;;;;;;;;;;;
;6; Владивосток ; 88 ; 24 808 ; 2 183 104 ; Б ; 7 ;;;;;;;;;;;;;;;;;;
;4; Архангельск ; -   ; 53 498 ; -   ;   ; 2 ;;;;;;;;;;;;;;;;;;
;4; Архангельск ; 33 ; 90 979 ; 3 002 307 ; Б ; 2 ;;;;;;;;;;;;;;;;;;
;2; Санкт-Петербург ; 14 ; 96 698 ; 1 353 772 ; Б ; 9 ;;;;;;;;;;;;;;;;;;
;2; Санкт-Петербург ; 53 ; 40 622 ; 2 152 966 ; Б ; 9 ;;;;;;;;;;;;;;;;;;
;4; Архангельск ; 33 ; 71 921 ; 2 373 393 ; Б ; 2 ;;;;;;;;;;;;;;;;;;
;6; Владивосток ; 75 ; 60 874 ; 4 565 550 ; Б ; 7 ;;;;;;;;;;;;;;;;;;
;7; Мурманск ; -   ; 37 281 ; -   ;   ; 10 ;;;;;;;;;;;;;;;;;;
;4; Архангельск ; 86 ; 98 822 ; 8 498 692 ; А ; 2 ;;;;;;;;;;;;;;;;;;
;3; Челябинск ; 88 ; 84 230 ; 7 412 240 ; А ; 1 ;;;;;;;;;;;;;;;;;;
;9; Тюмень ; 81 ; 81 979 ; 6 640 299 ; А ; 3 ;;;;;;;;;;;;;;;;;;
;3; Челябинск ; 95 ; 22 619 ; 2 148 805 ; Б ; 1 ;;;;;;;;;;;;;;;;;;
;9; Тюмень ; 95 ; 21 593 ; 2 051 335 ; Б ; 3 ;;;;;;;;;;;;;;;;;;
;4; Архангельск ; 14 ; 11 298 ; 158 172 ; В ; 2 ;;;;;;;;;;;;;;;;;;
;6; Владивосток ; 63 ; 51 361 ; 3 235 743 ; Б ; 7 ;;;;;;;;;;;;;;;;;;
;9; Тюмень ; 92 ; 95 452 ; 8 781 584 ; А ; 3 ;;;;;;;;;;;;;;;;;;
;2; Санкт-Петербург ; 100 ; 82 911 ; 8 291 100 ; А ; 9 ;;;;;;;;;;;;;;;;;;
;6; Владивосток ; 40 ; 2 650 ; 106 000 ; В ; 7 ;;;;;;;;;;;;;;;;;;
;9; Тюмень ; 90 ; 71 144 ; 6 402 960 ; А ; 3 ;;;;;;;;;;;;;;;;;;
;3; Челябинск ; 16 ; 79 344 ; 1 269 504 ; Б ; 1 ;;;;;;;;;;;;;;;;;;
;9; Тюмень ; 30 ; 26 265 ; 787 950 ; В ; 3 ;;;;;;;;;;;;;;;;;;
;10; Сочи ; 54 ; 17 249 ; 931 446 ; В ; 6 ;;;;;;;;;;;;;;;;;;
;5; Краснодар ; 58 ; 23 118 ; 1 340 844 ; Б ; 4 ;;;;;;;;;;;;;;;;;;
;2; Санкт-Петербург ; 12 ; 62 860 ; 754 320 ; В ; 9 ;;;;;;;;;;;;;;;;;;
;10; Сочи ; 66 ; 87 149 ; 5 751 834 ; А ; 6 ;;;;;;;;;;;;;;;;;;
;2; Санкт-Петербург ; 100 ; 23 051 ; 2 305 100 ; Б ; 9 ;;;;;;;;;;;;;;;;;;
;1; Москва ; 86 ; 59 101 ; 5 082 686 ; А ; 8 ;;;;;;;;;;;;;;;;;;
;2; Санкт-Петербург ; 54 ; 17 486 ; 944 244 ; В ; 9 ;;;;;;;;;;;;;;;;;;
;7; Мурманск ; 90 ; 60 292 ; 5 426 280 ; А ; 10 ;;;;;;;;;;;;;;;;;;
;9; Тюмень ; 10 ; 23 303 ; 233 030 ; В ; 3 ;;;;;;;;;;;;;;;;;;
;10; Сочи ; 36 ; 27 046 ; 973 656 ; В ; 6 ;;;;;;;;;;;;;;;;;;
;5; Краснодар ; 86 ; 34 300 ; 2 949 800 ; Б ; 4 ;;;;;;;;;;;;;;;;;;
;7; Мурманск ; 72 ; 74 649 ; 5 374 728 ; А ; 10 ;;;;;;;;;;;;;;;;;;
;4; Архангельск ; 53 ; 8 583 ; 454 899 ; В ; 2 ;;;;;;;;;;;;;;;;;;
;1; Москва ; 59 ; 10 902 ; 643 218 ; В ; 8 ;;;;;;;;;;;;;;;;;;
;1; Москва ; 88 ; 90 396 ; 7 954 848 ; А ; 8 ;;;;;;;;;;;;;;;;;;
;9; Тюмень ; 80 ; 7 128 ; 570 240 ; В ; 3 ;;;;;;;;;;;;;;;;;;
;3; Челябинск ; 11 ; 32 603 ; 358 633 ; В ; 1 ;;;;;;;;;;;;;;;;;;
;10; Сочи ; 63 ; 4 220 ; 265 860 ; В ; 6 ;;;;;;;;;;;;;;;;;;
;1; Москва ; 64 ; 38 051 ; 2 435 264 ; Б ; 8 ;;;;;;;;;;;;;;;;;;
;10; Сочи ; 7 ; 10 077 ; 70 539 ; В ; 6 ;;;;;;;;;;;;;;;;;;
;5; Краснодар ; 82 ; 15 754 ; 1 291 828 ; Б ; 4 ;;;;;;;;;;;;;;;;;;
;4; Архангельск ; 12 ; 4 518 ; 54 216 ; В ; 2 ;;;;;;;;;;;;;;;;;;
;6; Владивосток ; 57 ; 14 655 ; 835 335 ; В ; 7 ;;;;;;;;;;;;;;;;;;
;10; Сочи ; 36 ; 73 522 ; 2 646 792 ; Б ; 6 ;;;;;;;;;;;;;;;;;;
;6; Владивосток ; 5 ; 68 402 ; 342 010 ; В ; 7 ;;;;;;;;;;;;;;;;;;
;4; Архангельск ; 44 ; 33 385 ; 1 468 940 ; Б ; 2 ;;;;;;;;;;;;;;;;;;
;1; Москва ; 85 ; 85 376 ; 7 256 960 ; А ; 8 ;;;;;;;;;;;;;;;;;;
;2; Санкт-Петербург ; 14 ; 8 143 ; 114 002 ; В ; 9 ;;;;;;;;;;;;;;;;;;
;2; Санкт-Петербург ; 14 ; 46 934 ; 657 076 ; В ; 9 ;;;;;;;;;;;;;;;;;;
;5; Краснодар ; 14 ; 82 345 ; 1 152 830 ; Б ; 4 ;;;;;;;;;;;;;;;;;;
;4; Архангельск ; 7 ; 9 583 ; 67 081 ; В ; 2 ;;;;;;;;;;;;;;;;;;
;6; Владивосток ; 68 ; 47 020 ; 3 197 360 ; Б ; 7 ;;;;;;;;;;;;;;;;;;
;9; Тюмень ; 11 ; 25 559 ; 281 149 ; В ; 3 ;;;;;;;;;;;;;;;;;;
;5; Краснодар ; 71 ; 83 459 ; 5 925 589 ; А ; 4 ;;;;;;;;;;;;;;;;;;
;9; Тюмень ; 15 ; 22 022 ; 330 330 ; В ; 3 ;;;;;;;;;;;;;;;;;;
;4; Архангельск ; 33 ; 86 106 ; 2 841 498 ; Б ; 2 ;;;;;;;;;;;;;;;;;;
;2; Санкт-Петербург ; 72 ; 99 851 ; 7 189 272 ; А ; 9 ;;;;;;;;;;;;;;;;;;
;6; Владивосток ; 46 ; 3 695 ; 169 970 ; В ; 7 ;;;;;;;;;;;;;;;;;;
;6; Владивосток ; 43 ; 54 732 ; 2 353 476 ; Б ; 7 ;;;;;;;;;;;;;;;;;;
;3; Челябинск ; 12 ; 38 466 ; 461 592 ; В ; 1 ;;;;;;;;;;;;;;;;;;
;7; Мурманск ; 69 ; 17 044 ; 1 176 036 ; Б ; 10 ;;;;;;;;;;;;;;;;;;
;6; Владивосток ; 78 ; 63 030 ; 4 916 340 ; Б ; 7 ;;;;;;;;;;;;;;;;;;
;7; Мурманск ; 9 ; 72 722 ; 654 498 ; В ; 10 ;;;;;;;;;;;;;;;;;;
;5; Краснодар ; 59 ; 15 266 ; 900 694 ; В ; 4 ;;;;;;;;;;;;;;;;;;
;8; Новосибирск ; 24 ; 19 089 ; 458 136 ; В ; 5 ;;;;;;;;;;;;;;;;;;
;9; Тюмень ; 54 ; 86 310 ; 4 660 740 ; Б ; 3 ;;;;;;;;;;;;;;;;;;
;7; Мурманск ; 78 ; 38 388 ; 2 994 264 ; Б ; 10 ;;;;;;;;;;;;;;;;;;
;7; Мурманск ; 83 ; 36 500 ; 3 029 500 ; Б ; 10 ;;;;;;;;;;;;;;;;;;
;1; Москва ; 87 ; 27 439 ; 2 387 193 ; Б ; 8 ;;;;;;;;;;;;;;;;;;
;9; Тюмень ; 86 ; 67 861 ; 5 836 046 ; А ; 3 ;;;;;;;;;;;;;;;;;;
;1; Москва ; 51 ; 98 691 ; 5 033 241 ; А ; 8 ;;;;;;;;;;;;;;;;;;
;3; Челябинск ; 87 ; 63 478 ; 5 522 586 ; А ; 1 ;;;;;;;;;;;;;;;;;;
;9; Тюмень ; 33 ; 40 600 ; 1 339 800 ; Б ; 3 ;;;;;;;;;;;;;;;;;;
;5; Краснодар ; 99 ; 67 848 ; 6 716 952 ; А ; 4 ;;;;;;;;;;;;;;;;;;
;6; Владивосток ; 80 ; 5 072 ; 405 760 ; В ; 7 ;;;;;;;;;;;;;;;;;;
;4; Архангельск ; 19 ; 56 059 ; 1 065 121 ; Б ; 2 ;;;;;;;;;;;;;;;;;;
;2; Санкт-Петербург ; 95 ; 61 431 ; 5 835 945 ; А ; 9 ;;;;;;;;;;;;;;;;;;
;3; Челябинск ; 56 ; 34 383 ; 1 925 448 ; Б ; 1 ;;;;;;;;;;;;;;;;;;
;5; Краснодар ; 7 ; 43 130 ; 301 910 ; В ; 4 ;;;;;;;;;;;;;;;;;;
;1; Москва ; 64 ; 54 637 ; 3 496 768 ; Б ; 8 ;;;;;;;;;;;;;;;;;;
;1; Москва ; 7 ; 49 187 ; 344 309 ; В ; 8 ;;;;;;;;;;;;;;;;;;
;3; Челябинск ; 3 ; 46 389 ; 139 167 ; В ; 1 ;;;;;;;;;;;;;;;;;;
;3; Челябинск ; 28 ; 7 039 ; 197 092 ; В ; 1 ;;;;;;;;;;;;;;;;;;
;10; Сочи ; 39 ; 88 876 ; 3 466 164 ; Б ; 6 ;;;;;;;;;;;;;;;;;;
;10; Сочи ; 93 ; 94 318 ; 8 771 574 ; А ; 6 ;;;;;;;;;;;;;;;;;;
;3; Челябинск ; 38 ; 86 204 ; 3 275 752 ; Б ; 1 ;;;;;;;;;;;;;;;;;;
;6; Владивосток ; 80 ; 79 725 ; 6 378 000 ; А ; 7 ;;;;;;;;;;;;;;;;;;
;3; Челябинск ; 39 ; 12 190 ; 475 410 ; В ; 1 ;;;;;;;;;;;;;;;;;;
;10; Сочи ; 53 ; 24 015 ; 1 272 795 ; Б ; 6 ;;;;;;;;;;;;;;;;;;
;2; Санкт-Петербург ; 6 ; 34 939 ; 209 634 ; В ; 9 ;;;;;;;;;;;;;;;;;;
;3; Челябинск ; 58 ; 54 781 ; 3 177 298 ; Б ; 1 ;;;;;;;;;;;;;;;;;;
;3; Челябинск ; 86 ; 53 983 ; 4 642 538 ; Б ; 1 ;;;;;;;;;;;;;;;;;;
;7; Мурманск ; 1 ; 22 509 ; 22 509 ; В ; 10 ;;;;;;;;;;;;;;;;;;
;9; Тюмень ; 21 ; 88 597 ; 1 860 537 ; Б ; 3 ;;;;;;;;;;;;;;;;;;
;9; Тюмень ; 51 ; 68 145 ; 3 475 395 ; Б ; 3 ;;;;;;;;;;;;;;;;;;
;6; Владивосток ; 13 ; 10 628 ; 138 164 ; В ; 7 ;;;;;;;;;;;;;;;;;;
;5; Краснодар ; 16 ; 88 112 ; 1 409 792 ; Б ; 4 ;;;;;;;;;;;;;;;;;;
;8; Новосибирск ; 10 ; 10 922 ; 109 220 ; В ; 5 ;;;;;;;;;;;;;;;;;;
;3; Челябинск ; 11 ; 67 519 ; 742 709 ; В ; 1 ;;;;;;;;;;;;;;;;;;
;8; Новосибирск ; 78 ; 45 207 ; 3 526 146 ; Б ; 5 ;;;;;;;;;;;;;;;;;;
;3; Челябинск ; 12 ; 10 020 ; 120 240 ; В ; 1 ;;;;;;;;;;;;;;;;;;
;9; Тюмень ; 83 ; 94 014 ; 7 803 162 ; А ; 3 ;;;;;;;;;;;;;;;;;;
;4; Архангельск ; 38 ; 98 543 ; 3 744 634 ; Б ; 2 ;;;;;;;;;;;;;;;;;;
;9; Тюмень ; 87 ; 26 989 ; 2 348 043 ; Б ; 3 ;;;;;;;;;;;;;;;;;;
;5; Краснодар ; 44 ; 62 859 ; 2 765 796 ; Б ; 4 ;;;;;;;;;;;;;;;;;;
;10; Сочи ; 30 ; 64 685 ; 1 940 550 ; Б ; 6 ;;;;;;;;;;;;;;;;;;
;6; Владивосток ; 93 ; 21 713 ; 2 019 309 ; Б ; 7 ;;;;;;;;;;;;;;;;;;
;2; Санкт-Петербург ; 62 ; 83 672 ; 5 187 664 ; А ; 9 ;;;;;;;;;;;;;;;;;;
;7; Мурманск ; 34 ; 42 979 ; 1 461 286 ; Б ; 10 ;;;;;;;;;;;;;;;;;;
;6; Владивосток ; 41 ; 94 574 ; 3 877 534 ; Б ; 7 ;;;;;;;;;;;;;;;;;;
;8; Новосибирск ; 38 ; 46 058 ; 1 750 204 ; Б ; 5 ;;;;;;;;;;;;;;;;;;
;7; Мурманск ; 14 ; 89 360 ; 1 251 040 ; Б ; 10 ;;;;;;;;;;;;;;;;;;
;5; Краснодар ; 25 ; 12 501 ; 312 525 ; В ; 4 ;;;;;;;;;;;;;;;;;;
;1; Москва ; 48 ; 52 998 ; 2 543 904 ; Б ; 8 ;;;;;;;;;;;;;;;;;;
;4; Архангельск ; 7 ; 99 557 ; 696 899 ; В ; 2 ;;;;;;;;;;;;;;;;;;
;3; Челябинск ; 61 ; 68 301 ; 4 166 361 ; Б ; 1 ;;;;;;;;;;;;;;;;;;
;7; Мурманск ; 51 ; 78 120 ; 3 984 120 ; Б ; 10 ;;;;;;;;;;;;;;;;;;
;3; Челябинск ; -   ; 71 569 ; -   ;   ; 1 ;;;;;;;;;;;;;;;;;;
;10; Сочи ; 85 ; 16 312 ; 1 386 520 ; Б ; 6 ;;;;;;;;;;;;;;;;;;
;3; Челябинск ; 50 ; 29 371 ; 1 468 550 ; Б ; 1 ;;;;;;;;;;;;;;;;;;
;6; Владивосток ; 45 ; 95 642 ; 4 303 890 ; Б ; 7 ;;;;;;;;;;;;;;;;;;
;6; Владивосток ; 57 ; 44 551 ; 2 539 407 ; Б ; 7 ;;;;;;;;;;;;;;;;;;
;6; Владивосток ; 24 ; 45 475 ; 1 091 400 ; Б ; 7 ;;;;;;;;;;;;;;;;;;
;8; Новосибирск ; 24 ; 23 310 ; 559 440 ; В ; 5 ;;;;;;;;;;;;;;;;;;
;4; Архангельск ; 62 ; 92 290 ; 5 721 980 ; А ; 2 ;;;;;;;;;;;;;;;;;;
;3; Челябинск ; 7 ; 44 965 ; 314 755 ; В ; 1 ;;;;;;;;;;;;;;;;;;
;9; Тюмень ; 91 ; 97 914 ; 8 910 174 ; А ; 3 ;;;;;;;;;;;;;;;;;;
;6; Владивосток ; -   ; 26 703 ; -   ;   ; 7 ;;;;;;;;;;;;;;;;;;
;7; Мурманск ; 33 ; 20 742 ; 684 486 ; В ; 10 ;;;;;;;;;;;;;;;;;;
;8; Новосибирск ; 16 ; 72 457 ; 1 159 312 ; Б ; 5 ;;;;;;;;;;;;;;;;;;
;2; Санкт-Петербург ; 18 ; 7 632 ; 137 376 ; В ; 9 ;;;;;;;;;;;;;;;;;;
;3; Челябинск ; 79 ; 48 717 ; 3 848 643 ; Б ; 1 ;;;;;;;;;;;;;;;;;;
;5; Краснодар ; 41 ; 32 941 ; 1 350 581 ; Б ; 4 ;;;;;;;;;;;;;;;;;;
;2; Санкт-Петербург ; 96 ; 23 897 ; 2 294 112 ; Б ; 9 ;;;;;;;;;;;;;;;;;;
;8; Новосибирск ; 4 ; 15 951 ; 63 804 ; В ; 5 ;;;;;;;;;;;;;;;;;;
;5; Краснодар ; 75 ; 64 582 ; 4 843 650 ; Б ; 4 ;;;;;;;;;;;;;;;;;;
;5; Краснодар ; 17 ; 85 626 ; 1 455 642 ; Б ; 4 ;;;;;;;;;;;;;;;;;;
;9; Тюмень ; 99 ; 84 751 ; 8 390 349 ; А ; 3 ;;;;;;;;;;;;;;;;;;
;7; Мурманск ; 21 ; 92 423 ; 1 940 883 ; Б ; 10 ;;;;;;;;;;;;;;;;;;
;7; Мурманск ; 77 ; 72 832 ; 5 608 064 ; А ; 10 ;;;;;;;;;;;;;;;;;;
;7; Мурманск ; 79 ; 65 640 ; 5 185 560 ; А ; 10 ;;;;;;;;;;;;;;;;;;
;8; Новосибирск ; 38 ; 56 175 ; 2 134 650 ; Б ; 5 ;;;;;;;;;;;;;;;;;;
;7; Мурманск ; 56 ; 72 503 ; 4 060 168 ; Б ; 10 ;;;;;;;;;;;;;;;;;;
;5; Краснодар ; 31 ; 78 281 ; 2 426 711 ; Б ; 4 ;;;;;;;;;;;;;;;;;;
;2; Санкт-Петербург ; 68 ; 38 972 ; 2 650 096 ; Б ; 9 ;;;;;;;;;;;;;;;;;;
;8; Новосибирск ; 39 ; 92 889 ; 3 622 671 ; Б ; 5 ;;;;;;;;;;;;;;;;;;
;8; Новосибирск ; 74 ; 17 977 ; 1 330 298 ; Б ; 5 ;;;;;;;;;;;;;;;;;;
;6; Владивосток ; 47 ; 99 764 ; 4 688 908 ; Б ; 7 ;;;;;;;;;;;;;;;;;;
;7; Мурманск ; 38 ; 29 558 ; 1 123 204 ; Б ; 10 ;;;;;;;;;;;;;;;;;;
;8; Новосибирск ; 99 ; 79 776 ; 7 897 824 ; А ; 5 ;;;;;;;;;;;;;;;;;;
;8; Новосибирск ; 7 ; 8 128 ; 56 896 ; В ; 5 ;;;;;;;;;;;;;;;;;;
;1; Москва ; 31 ; 4 617 ; 143 127 ; В ; 8 ;;;;;;;;;;;;;;;;;;
;10; Сочи ; 51 ; 20 822 ; 1 061 922 ; Б ; 6 ;;;;;;;;;;;;;;;;;;
;8; Новосибирск ; 90 ; 23 249 ; 2 092 410 ; Б ; 5 ;;;;;;;;;;;;;;;;;;
;7; Мурманск ; 73 ; 54 660 ; 3 990 180 ; Б ; 10 ;;;;;;;;;;;;;;;;;;
;9; Тюмень ; 45 ; 60 918 ; 2 741 310 ; Б ; 3 ;;;;;;;;;;;;;;;;;;
;4; Архангельск ; 3 ; 80 980 ; 242 940 ; В ; 2 ;;;;;;;;;;;;;;;;;;
;3; Челябинск ; 77 ; 71 354 ; 5 494 258 ; А ; 1 ;;;;;;;;;;;;;;;;;;
;4; Архангельск ; 5 ; 41 371 ; 206 855 ; В ; 2 ;;;;;;;;;;;;;;;;;;
;2; Санкт-Петербург ; 88 ; 29 461 ; 2 592 568 ; Б ; 9 ;;;;;;;;;;;;;;;;;;
;3; Челябинск ; 79 ; 18 076 ; 1 428 004 ; Б ; 1 ;;;;;;;;;;;;;;;;;;
;6; Владивосток ; 64 ; 63 633 ; 4 072 512 ; Б ; 7 ;;;;;;;;;;;;;;;;;;
;6; Владивосток ; 26 ; 84 572 ; 2 198 872 ; Б ; 7 ;;;;;;;;;;;;;;;;;;
;4; Архангельск ; 3 ; 62 499 ; 187 497 ; В ; 2 ;;;;;;;;;;;;;;;;;;
;1; Москва ; 25 ; 49 795 ; 1 244 875 ; Б ; 8 ;;;;;;;;;;;;;;;;;;
;4; Архангельск ; 64 ; 95 732 ; 6 126 848 ; А ; 2 ;;;;;;;;;;;;;;;;;;
;1; Москва ; 28 ; 27 260 ; 763 280 ; В ; 8 ;;;;;;;;;;;;;;;;;;
;7; Мурманск ; 15 ; 43 224 ; 648 360 ; В ; 10 ;;;;;;;;;;;;;;;;;;
;8; Новосибирск ; 58 ; 12 994 ; 753 652 ; В ; 5 ;;;;;;;;;;;;;;;;;;
;10; Сочи ; 93 ; 19 761 ; 1 837 773 ; Б ; 6 ;;;;;;;;;;;;;;;;;;
;4; Архангельск ; 96 ; 47 044 ; 4 516 224 ; Б ; 2 ;;;;;;;;;;;;;;;;;;
;8; Новосибирск ; 82 ; 39 005 ; 3 198 410 ; Б ; 5 ;;;;;;;;;;;;;;;;;;
;7; Мурманск ; 80 ; 83 008 ; 6 640 640 ; А ; 10 ;;;;;;;;;;;;;;;;;;
;3; Челябинск ; 90 ; 58 405 ; 5 256 450 ; А ; 1 ;;;;;;;;;;;;;;;;;;
;10; Сочи ; 38 ; 1 809 ; 68 742 ; В ; 6 ;;;;;;;;;;;;;;;;;;
;3; Челябинск ; 80 ; 86 368 ; 6 909 440 ; А ; 1 ;;;;;;;;;;;;;;;;;;
;5; Краснодар ; 41 ; 32 693 ; 1 340 413 ; Б ; 4 ;;;;;;;;;;;;;;;;;;
;5; Краснодар ; 67 ; 57 779 ; 3 871 193 ; Б ; 4 ;;;;;;;;;;;;;;;;;;
;10; Сочи ; 55 ; 87 146 ; 4 793 030 ; Б ; 6 ;;;;;;;;;;;;;;;;;;
;10; Сочи ; 13 ; 99 733 ; 1 296 529 ; Б ; 6 ;;;;;;;;;;;;;;;;;;
;4; Архангельск ; 9 ; 1 226 ; 11 034 ; В ; 2 ;;;;;;;;;;;;;;;;;;
;4; Архангельск ; 73 ; 52 042 ; 3 799 066 ; Б ; 2 ;;;;;;;;;;;;;;;;;;
;9; Тюмень ; 27 ; 33 516 ; 904 932 ; В ; 3 ;;;;;;;;;;;;;;;;;;
;4; Архангельск ; 48 ; 2 898 ; 139 104 ; В ; 2 ;;;;;;;;;;;;;;;;;;
;2; Санкт-Петербург ; 76 ; 99 652 ; 7 573 552 ; А ; 9 ;;;;;;;;;;;;;;;;;;
;8; Новосибирск ; 94 ; 60 752 ; 5 710 688 ; А ; 5 ;;;;;;;;;;;;;;;;;;
;10; Сочи ; 31 ; 11 178 ; 346 518 ; В ; 6 ;;;;;;;;;;;;;;;;;;
;9; Тюмень ; 63 ; 83 275 ; 5 246 325 ; А ; 3 ;;;;;;;;;;;;;;;;;;
;10; Сочи ; 78 ; 41 173 ; 3 211 494 ; Б ; 6 ;;;;;;;;;;;;;;;;;;
;3; Челябинск ; 70 ; 9 981 ; 698 670 ; В ; 1 ;;;;;;;;;;;;;;;;;;
;3; Челябинск ; 74 ; 74 862 ; 5 539 788 ; А ; 1 ;;;;;;;;;;;;;;;;;;
;10; Сочи ; 39 ; 83 871 ; 3 270 969 ; Б ; 6 ;;;;;;;;;;;;;;;;;;
;4; Архангельск ; 55 ; 83 208 ; 4 576 440 ; Б ; 2 ;;;;;;;;;;;;;;;;;;
;2; Санкт-Петербург ; 44 ; 74 169 ; 3 263 436 ; Б ; 9 ;;;;;;;;;;;;;;;;;;
;8; Новосибирск ; 63 ; 29 180 ; 1 838 340 ; Б ; 5 ;;;;;;;;;;;;;;;;;;
;2; Санкт-Петербург ; 67 ; 3 022 ; 202 474 ; В ; 9 ;;;;;;;;;;;;;;;;;;
;8; Новосибирск ; 20 ; 14 176 ; 283 520 ; В ; 5 ;;;;;;;;;;;;;;;;;;
;7; Мурманск ; 29 ; 52 734 ; 1 529 286 ; Б ; 10 ;;;;;;;;;;;;;;;;;;
;10; Сочи ; 89 ; 11 812 ; 1 051 268 ; Б ; 6 ;;;;;;;;;;;;;;;;;;
;3; Челябинск ; 75 ; 27 885 ; 2 091 375 ; Б ; 1 ;;;;;;;;;;;;;;;;;;
;5; Краснодар ; 67 ; 46 057 ; 3 085 819 ; Б ; 4 ;;;;;;;;;;;;;;;;;;
;2; Санкт-Петербург ; 3 ; 58 437 ; 175 311 ; В ; 9 ;;;;;;;;;;;;;;;;;;
;8; Новосибирск ; 44 ; 12 420 ; 546 480 ; В ; 5 ;;;;;;;;;;;;;;;;;;
;9; Тюмень ; 91 ; 96 662 ; 8 796 242 ; А ; 3 ;;;;;;;;;;;;;;;;;;
;2; Санкт-Петербург ; 92 ; 48 676 ; 4 478 192 ; Б ; 9 ;;;;;;;;;;;;;;;;;;
;4; Архангельск ; 35 ; 42 484 ; 1 486 940 ; Б ; 2 ;;;;;;;;;;;;;;;;;;
;6; Владивосток ; 62 ; 10 320 ; 639 840 ; В ; 7 ;;;;;;;;;;;;;;;;;;
;7; Мурманск ; 25 ; 79 591 ; 1 989 775 ; Б ; 10 ;;;;;;;;;;;;;;;;;;
;2; Санкт-Петербург ; 46 ; 95 757 ; 4 404 822 ; Б ; 9 ;;;;;;;;;;;;;;;;;;
;8; Новосибирск ; 21 ; 37 390 ; 785 190 ; В ; 5 ;;;;;;;;;;;;;;;;;;
;1; Москва ; 79 ; 37 905 ; 2 994 495 ; Б ; 8 ;;;;;;;;;;;;;;;;;;
;8; Новосибирск ; 77 ; 83 677 ; 6 443 129 ; А ; 5 ;;;;;;;;;;;;;;;;;;
;5; Краснодар ; 16 ; 45 719 ; 731 504 ; В ; 4 ;;;;;;;;;;;;;;;;;;
;4; Архангельск ; 63 ; 28 586 ; 1 800 918 ; Б ; 2 ;;;;;;;;;;;;;;;;;;
;1; Москва ; 21 ; 70 819 ; 1 487 199 ; Б ; 8 ;;;;;;;;;;;;;;;;;;
;8; Новосибирск ; 66 ; 89 182 ; 5 886 012 ; А ; 5 ;;;;;;;;;;;;;;;;;;
;3; Челябинск ; 20 ; 38 222 ; 764 440 ; В ; 1 ;;;;;;;;;;;;;;;;;;
;3; Челябинск ; 60 ; 48 780 ; 2 926 800 ; Б ; 1 ;;;;;;;;;;;;;;;;;;
;6; Владивосток ; 26 ; 41 875 ; 1 088 750 ; Б ; 7 ;;;;;;;;;;;;;;;;;;
;9; Тюмень ; 93 ; 6 849 ; 636 957 ; В ; 3 ;;;;;;;;;;;;;;;;;;
;10; Сочи ; 39 ; 25 464 ; 993 096 ; В ; 6 ;;;;;;;;;;;;;;;;;;
;7; Мурманск ; 27 ; 99 067 ; 2 674 809 ; Б ; 10 ;;;;;;;;;;;;;;;;;;
;3; Челябинск ; 74 ; 77 729 ; 5 751 946 ; А ; 1 ;;;;;;;;;;;;;;;;;;
;8; Новосибирск ; 21 ; 56 899 ; 1 194 879 ; Б ; 5 ;;;;;;;;;;;;;;;;;;
;1; Москва ; 65 ; 21 228 ; 1 379 820 ; Б ; 8 ;;;;;;;;;;;;;;;;;;
;6; Владивосток ; 47 ; 94 784 ; 4 454 848 ; Б ; 7 ;;;;;;;;;;;;;;;;;;
;2; Санкт-Петербург ; 56 ; 67 303 ; 3 768 968 ; Б ; 9 ;;;;;;;;;;;;;;;;;;
;10; Сочи ; 84 ; 83 756 ; 7 035 504 ; А ; 6 ;;;;;;;;;;;;;;;;;;
;10; Сочи ; 78 ; 77 679 ; 6 058 962 ; А ; 6 ;;;;;;;;;;;;;;;;;;
;6; Владивосток ; 31 ; 34 124 ; 1 057 844 ; Б ; 7 ;;;;;;;;;;;;;;;;;;
;3; Челябинск ; 61 ; 46 953 ; 2 864 133 ; Б ; 1 ;;;;;;;;;;;;;;;;;;
;7; Мурманск ; 18 ; 83 533 ; 1 503 594 ; Б ; 10 ;;;;;;;;;;;;;;;;;;
;6; Владивосток ; 49 ; 88 909 ; 4 356 541 ; Б ; 7 ;;;;;;;;;;;;;;;;;;
;5; Краснодар ; 23 ; 92 497 ; 2 127 431 ; Б ; 4 ;;;;;;;;;;;;;;;;;;
;3; Челябинск ; 94 ; 16 396 ; 1 541 224 ; Б ; 1 ;;;;;;;;;;;;;;;;;;
;1; Москва ; 21 ; 63 271 ; 1 328 691 ; Б ; 8 ;;;;;;;;;;;;;;;;;;
;7; Мурманск ; 66 ; 15 238 ; 1 005 708 ; Б ; 10 ;;;;;;;;;;;;;;;;;;
;6; Владивосток ; 15 ; 48 630 ; 729 450 ; В ; 7 ;;;;;;;;;;;;;;;;;;
;1; Москва ; 7 ; 76 380 ; 534 660 ; В ; 8 ;;;;;;;;;;;;;;;;;;
;3; Челябинск ; 34 ; 23 917 ; 813 178 ; В ; 1 ;;;;;;;;;;;;;;;;;;
;5; Краснодар ; 87 ; 33 258 ; 2 893 446 ; Б ; 4 ;;;;;;;;;;;;;;;;;;
;9; Тюмень ; 95 ; 22 438 ; 2 131 610 ; Б ; 3 ;;;;;;;;;;;;;;;;;;
;6; Владивосток ; 73 ; 96 101 ; 7 015 373 ; А ; 7 ;;;;;;;;;;;;;;;;;;
;1; Москва ; 52 ; 67 066 ; 3 487 432 ; Б ; 8 ;;;;;;;;;;;;;;;;;;
;3; Челябинск ; 11 ; 17 629 ; 193 919 ; В ; 1 ;;;;;;;;;;;;;;;;;;
;1; Москва ; 11 ; 49 627 ; 545 897 ; В ; 8 ;;;;;;;;;;;;;;;;;;
;1; Москва ; 68 ; 98 383 ; 6 690 044 ; А ; 8 ;;;;;;;;;;;;;;;;;;
;10; Сочи ; 51 ; 31 435 ; 1 603 185 ; Б ; 6 ;;;;;;;;;;;;;;;;;;
;3; Челябинск ; 90 ; 37 629 ; 3 386 610 ; Б ; 1 ;;;;;;;;;;;;;;;;;;
;4; Архангельск ; 80 ; 77 051 ; 6 164 080 ; А ; 2 ;;;;;;;;;;;;;;;;;;
;10; Сочи ; 87 ; 75 592 ; 6 576 504 ; А ; 6 ;;;;;;;;;;;;;;;;;;
;10; Сочи ; 52 ; 45 109 ; 2 345 668 ; Б ; 6 ;;;;;;;;;;;;;;;;;;
;8; Новосибирск ; 41 ; 86 447 ; 3 544 327 ; Б ; 5 ;;;;;;;;;;;;;;;;;;
;9; Тюмень ; 91 ; 81 828 ; 7 446 348 ; А ; 3 ;;;;;;;;;;;;;;;;;;
;1; Москва ; 84 ; 28 316 ; 2 378 544 ; Б ; 8 ;;;;;;;;;;;;;;;;;;
;1; Москва ; 99 ; 13 516 ; 1 338 084 ; Б ; 8 ;;;;;;;;;;;;;;;;;;
;2; Санкт-Петербург ; 12 ; 33 233 ; 398 796 ; В ; 9 ;;;;;;;;;;;;;;;;;;
;5; Краснодар ; 63 ; 17 195 ; 1 083 285 ; Б ; 4 ;;;;;;;;;;;;;;;;;;
;10; Сочи ; 34 ; 28 781 ; 978 554 ; В ; 6 ;;;;;;;;;;;;;;;;;;
;8; Новосибирск ; 71 ; 23 167 ; 1 644 857 ; Б ; 5 ;;;;;;;;;;;;;;;;;;
;3; Челябинск ; 50 ; 94 896 ; 4 744 800 ; Б ; 1 ;;;;;;;;;;;;;;;;;;
;6; Владивосток ; 10 ; 80 121 ; 801 210 ; В ; 7 ;;;;;;;;;;;;;;;;;;
;9; Тюмень ; 26 ; 12 024 ; 312 624 ; В ; 3 ;;;;;;;;;;;;;;;;;;
;8; Новосибирск ; 11 ; 77 136 ; 848 496 ; В ; 5 ;;;;;;;;;;;;;;;;;;
;1; Москва ; 5 ; 45 643 ; 228 215 ; В ; 8 ;;;;;;;;;;;;;;;;;;
;8; Новосибирск ; 41 ; 13 658 ; 559 978 ; В ; 5 ;;;;;;;;;;;;;;;;;;
;2; Санкт-Петербург ; 73 ; 86 816 ; 6 337 568 ; А ; 9 ;;;;;;;;;;;;;;;;;;
;4; Архангельск ; 87 ; 53 300 ; 4 637 100 ; Б ; 2 ;;;;;;;;;;;;;;;;;;
;9; Тюмень ; 58 ; 35 289 ; 2 046 762 ; Б ; 3 ;;;;;;;;;;;;;;;;;;
;4; Архангельск ; 71 ; 18 062 ; 1 282 402 ; Б ; 2 ;;;;;;;;;;;;;;;;;;
;5; Краснодар ; 51 ; 79 332 ; 4 045 932 ; Б ; 4 ;;;;;;;;;;;;;;;;;;
;8; Новосибирск ; 73 ; 83 318 ; 6 082 214 ; А ; 5 ;;;;;;;;;;;;;;;;;;
;3; Челябинск ; 67 ; 46 290 ; 3 101 430 ; Б ; 1 ;;;;;;;;;;;;;;;;;;
;5; Краснодар ; 76 ; 3 644 ; 276 944 ; В ; 4 ;;;;;;;;;;;;;;;;;;
;5; Краснодар ; 67 ; 91 576 ; 6 135 592 ; А ; 4 ;;;;;;;;;;;;;;;;;;
;10; Сочи ; 55 ; 65 367 ; 3 595 185 ; Б ; 6 ;;;;;;;;;;;;;;;;;;
;4; Архангельск ; 50 ; 68 551 ; 3 427 550 ; Б ; 2 ;;;;;;;;;;;;;;;;;;
;1; Москва ; 58 ; 56 383 ; 3 270 214 ; Б ; 8 ;;;;;;;;;;;;;;;;;;
;6; Владивосток ; 45 ; 94 549 ; 4 254 705 ; Б ; 7 ;;;;;;;;;;;;;;;;;;
;6; Владивосток ; 69 ; 92 631 ; 6 391 539 ; А ; 7 ;;;;;;;;;;;;;;;;;;
;3; Челябинск ; 86 ; 1 964 ; 168 904 ; В ; 1 ;;;;;;;;;;;;;;;;;;
;9; Тюмень ; 43 ; 37 283 ; 1 603 169 ; Б ; 3 ;;;;;;;;;;;;;;;;;;
;4; Архангельск ; 41 ; 41 174 ; 1 688 134 ; Б ; 2 ;;;;;;;;;;;;;;;;;;
;4; Архангельск ; 54 ; 15 525 ; 838 350 ; В ; 2 ;;;;;;;;;;;;;;;;;;
;10; Сочи ; 35 ; 78 714 ; 2 754 990 ; Б ; 6 ;;;;;;;;;;;;;;;;;;
;2; Санкт-Петербург ; 99 ; 97 486 ; 9 651 114 ; А ; 9 ;;;;;;;;;;;;;;;;;;
;7; Мурманск ; 81 ; 3 968 ; 321 408 ; В ; 10 ;;;;;;;;;;;;;;;;;;
;7; Мурманск ; 38 ; 18 691 ; 710 258 ; В ; 10 ;;;;;;;;;;;;;;;;;;
;10; Сочи ; 100 ; 23 316 ; 2 331 600 ; Б ; 6 ;;;;;;;;;;;;;;;;;;
;10; Сочи ; 83 ; 30 124 ; 2 500 292 ; Б ; 6 ;;;;;;;;;;;;;;;;;;
;4; Архангельск ; 25 ; 40 462 ; 1 011 550 ; Б ; 2 ;;;;;;;;;;;;;;;;;;
;8; Новосибирск ; 43 ; 34 725 ; 1 493 175 ; Б ; 5 ;;;;;;;;;;;;;;;;;;
;2; Санкт-Петербург ; 93 ; 19 420 ; 1 806 060 ; Б ; 9 ;;;;;;;;;;;;;;;;;;
;10; Сочи ; 8 ; 32 942 ; 263 536 ; В ; 6 ;;;;;;;;;;;;;;;;;;
;4; Архангельск ; 61 ; 83 372 ; 5 085 692 ; А ; 2 ;;;;;;;;;;;;;;;;;;
;2; Санкт-Петербург ; 19 ; 73 664 ; 1 399 616 ; Б ; 9 ;;;;;;;;;;;;;;;;;;
;10; Сочи ; 42 ; 18 354 ; 770 868 ; В ; 6 ;;;;;;;;;;;;;;;;;;
;10; Сочи ; 48 ; 10 640 ; 510 720 ; В ; 6 ;;;;;;;;;;;;;;;;;;
;6; Владивосток ; 9 ; 53 522 ; 481 698 ; В ; 7 ;;;;;;;;;;;;;;;;;;
;2; Санкт-Петербург ; 5 ; 82 219 ; 411 095 ; В ; 9 ;;;;;;;;;;;;;;;;;;
;2; Санкт-Петербург ; 18 ; 62 422 ; 1 123 596 ; Б ; 9 ;;;;;;;;;;;;;;;;;;
;10; Сочи ; 42 ; 89 999 ; 3 779 958 ; Б ; 6 ;;;;;;;;;;;;;;;;;;
;4; Архангельск ; 71 ; 96 520 ; 6 852 920 ; А ; 2 ;;;;;;;;;;;;;;;;;;
;8; Новосибирск ; 4 ; 25 759 ; 103 036 ; В ; 5 ;;;;;;;;;;;;;;;;;;
;7; Мурманск ; 88 ; 38 947 ; 3 427 336 ; Б ; 10 ;;;;;;;;;;;;;;;;;;
;6; Владивосток ; 56 ; 70 726 ; 3 960 656 ; Б ; 7 ;;;;;;;;;;;;;;;;;;
;3; Челябинск ; 89 ; 52 172 ; 4 643 308 ; Б ; 1 ;;;;;;;;;;;;;;;;;;
;6; Владивосток ; -   ; 94 051 ; -   ;   ; 7 ;;;;;;;;;;;;;;;;;;
;5; Краснодар ; 84 ; 53 078 ; 4 458 552 ; Б ; 4 ;;;;;;;;;;;;;;;;;;
;7; Мурманск ; 43 ; 89 074 ; 3 830 182 ; Б ; 10 ;;;;;;;;;;;;;;;;;;
;6; Владивосток ; 32 ; 37 661 ; 1 205 152 ; Б ; 7 ;;;;;;;;;;;;;;;;;;
;4; Архангельск ; 85 ; 40 734 ; 3 462 390 ; Б ; 2 ;;;;;;;;;;;;;;;;;;
;3; Челябинск ; 12 ; 33 324 ; 399 888 ; В ; 1 ;;;;;;;;;;;;;;;;;;
;7; Мурманск ; 41 ; 19 196 ; 787 036 ; В ; 10 ;;;;;;;;;;;;;;;;;;
;10; Сочи ; 17 ; 65 465 ; 1 112 905 ; Б ; 6 ;;;;;;;;;;;;;;;;;;
;3; Челябинск ; 16 ; 32 564 ; 521 024 ; В ; 1 ;;;;;;;;;;;;;;;;;;
;10; Сочи ; 77 ; 54 860 ; 4 224 220 ; Б ; 6 ;;;;;;;;;;;;;;;;;;
;2; Санкт-Петербург ; 94 ; 87 257 ; 8 202 158 ; А ; 9 ;;;;;;;;;;;;;;;;;;
;7; Мурманск ; 44 ; 82 029 ; 3 609 276 ; Б ; 10 ;;;;;;;;;;;;;;;;;;
;1; Москва ; 4 ; 38 392 ; 153 568 ; В ; 8 ;;;;;;;;;;;;;;;;;;
;3; Челябинск ; 31 ; 93 571 ; 2 900 701 ; Б ; 1 ;;;;;;;;;;;;;;;;;;
;9; Тюмень ; 97 ; 25 288 ; 2 452 936 ; Б ; 3 ;;;;;;;;;;;;;;;;;;
;8; Новосибирск ; 59 ; 31 187 ; 1 840 033 ; Б ; 5 ;;;;;;;;;;;;;;;;;;
;2; Санкт-Петербург ; 16 ; 34 900 ; 558 400 ; В ; 9 ;;;;;;;;;;;;;;;;;;
;3; Челябинск ; 56 ; 2 847 ; 159 432 ; В ; 1 ;;;;;;;;;;;;;;;;;;
;2; Санкт-Петербург ; 66 ; 31 807 ; 2 099 262 ; Б ; 9 ;;;;;;;;;;;;;;;;;;
;8; Новосибирск ; 43 ; 41 337 ; 1 777 491 ; Б ; 5 ;;;;;;;;;;;;;;;;;;
;4; Архангельск ; 9 ; 39 085 ; 351 765 ; В ; 2 ;;;;;;;;;;;;;;;;;;
;5; Краснодар ; 59 ; 10 135 ; 597 965 ; В ; 4 ;;;;;;;;;;;;;;;;;;
;9; Тюмень ; 34 ; 74 164 ; 2 521 576 ; Б ; 3 ;;;;;;;;;;;;;;;;;;
;10; Сочи ; 32 ; 43 359 ; 1 387 488 ; Б ; 6 ;;;;;;;;;;;;;;;;;;
;5; Краснодар ; 91 ; 66 496 ; 6 051 136 ; А ; 4 ;;;;;;;;;;;;;;;;;;
;1; Москва ; 2 ; 50 229 ; 100 458 ; В ; 8 ;;;;;;;;;;;;;;;;;;
;9; Тюмень ; 71 ; 7 659 ; 543 789 ; В ; 3 ;;;;;;;;;;;;;;;;;;
;7; Мурманск ; 47 ; 7 287 ; 342 489 ; В ; 10 ;;;;;;;;;;;;;;;;;;
;1; Москва ; 97 ; 15 211 ; 1 475 467 ; Б ; 8 ;;;;;;;;;;;;;;;;;;
;8; Новосибирск ; 55 ; 14 323 ; 787 765 ; В ; 5 ;;;;;;;;;;;;;;;;;;
;10; Сочи ; 27 ; 16 402 ; 442 854 ; В ; 6 ;;;;;;;;;;;;;;;;;;
;1; Москва ; 65 ; 5 736 ; 372 840 ; В ; 8 ;;;;;;;;;;;;;;;;;;
;3; Челябинск ; 5 ; 69 584 ; 347 920 ; В ; 1 ;;;;;;;;;;;;;;;;;;
;9; Тюмень ; 66 ; 23 804 ; 1 571 064 ; Б ; 3 ;;;;;;;;;;;;;;;;;;
;4; Архангельск ; 7 ; 88 918 ; 622 426 ; В ; 2 ;;;;;;;;;;;;;;;;;;
;7; Мурманск ; 5 ; 5 065 ; 25 325 ; В ; 10 ;;;;;;;;;;;;;;;;;;
;8; Новосибирск ; 65 ; 39 715 ; 2 581 475 ; Б ; 5 ;;;;;;;;;;;;;;;;;;
;2; Санкт-Петербург ; 72 ; 35 800 ; 2 577 600 ; Б ; 9 ;;;;;;;;;;;;;;;;;;
;7; Мурманск ; 64 ; 13 508 ; 864 512 ; В ; 10 ;;;;;;;;;;;;;;;;;;
;2; Санкт-Петербург ; 43 ; 77 309 ; 3 324 287 ; Б ; 9 ;;;;;;;;;;;;;;;;;;
;8; Новосибирск ; 54 ; 12 696 ; 685 584 ; В ; 5 ;;;;;;;;;;;;;;;;;;
;4; Архангельск ; 16 ; 67 479 ; 1 079 664 ; Б ; 2 ;;;;;;;;;;;;;;;;;;
;1; Москва ; 15 ; 91 360 ; 1 370 400 ; Б ; 8 ;;;;;;;;;;;;;;;;;;
;9; Тюмень ; 52 ; 42 840 ; 2 227 680 ; Б ; 3 ;;;;;;;;;;;;;;;;;;
;1; Москва ; 64 ; 38 588 ; 2 469 632 ; Б ; 8 ;;;;;;;;;;;;;;;;;;
;3; Челябинск ; 9 ; 49 091 ; 441 819 ; В ; 1 ;;;;;;;;;;;;;;;;;;
;1; Москва ; 97 ; 92 407 ; 8 963 479 ; А ; 8 ;;;;;;;;;;;;;;;;;;
;5; Краснодар ; 61 ; 28 800 ; 1 756 800 ; Б ; 4 ;;;;;;;;;;;;;;;;;;
;1; Москва ; 6 ; 39 159 ; 234 954 ; В ; 8 ;;;;;;;;;;;;;;;;;;
;10; Сочи ; 96 ; 97 771 ; 9 386 016 ; А ; 6 ;;;;;;;;;;;;;;;;;;
;6; Владивосток ; 22 ; 17 934 ; 394 548 ; В ; 7 ;;;;;;;;;;;;;;;;;;
;6; Владивосток ; 52 ; 62 266 ; 3 237 832 ; Б ; 7 ;;;;;;;;;;;;;;;;;;
;3; Челябинск ; 46 ; 38 369 ; 1 764 974 ; Б ; 1 ;;;;;;;;;;;;;;;;;;
;4; Архангельск ; 62 ; 24 080 ; 1 492 960 ; Б ; 2 ;;;;;;;;;;;;;;;;;;
;5; Краснодар ; 91 ; 95 945 ; 8 730 995 ; А ; 4 ;;;;;;;;;;;;;;;;;;
;6; Владивосток ; 69 ; 84 170 ; 5 807 730 ; А ; 7 ;;;;;;;;;;;;;;;;;;
;5; Краснодар ; 59 ; 21 599 ; 1 274 341 ; Б ; 4 ;;;;;;;;;;;;;;;;;;
;2; Санкт-Петербург ; 63 ; 51 307 ; 3 232 341 ; Б ; 9 ;;;;;;;;;;;;;;;;;;
;5; Краснодар ; 97 ; 9 261 ; 898 317 ; В ; 4 ;;;;;;;;;;;;;;;;;;
;1; Москва ; 56 ; 86 980 ; 4 870 880 ; Б ; 8 ;;;;;;;;;;;;;;;;;;
;2; Санкт-Петербург ; 14 ; 17 643 ; 247 002 ; В ; 9 ;;;;;;;;;;;;;;;;;;
;4; Архангельск ; 70 ; 74 511 ; 5 215 770 ; А ; 2 ;;;;;;;;;;;;;;;;;;
;8; Новосибирск ; 78 ; 29 391 ; 2 292 498 ; Б ; 5 ;;;;;;;;;;;;;;;;;;
;4; Архангельск ; 25 ; 79 110 ; 1 977 750 ; Б ; 2 ;;;;;;;;;;;;;;;;;;
;10; Сочи ; 85 ; 7 436 ; 632 060 ; В ; 6 ;;;;;;;;;;;;;;;;;;
;3; Челябинск ; 50 ; 33 322 ; 1 666 100 ; Б ; 1 ;;;;;;;;;;;;;;;;;;
;4; Архангельск ; 92 ; 96 134 ; 8 844 328 ; А ; 2 ;;;;;;;;;;;;;;;;;;
;8; Новосибирск ; 44 ; 74 104 ; 3 260 576 ; Б ; 5 ;;;;;;;;;;;;;;;;;;
;7; Мурманск ; 74 ; 55 543 ; 4 110 182 ; Б ; 10 ;;;;;;;;;;;;;;;;;;
;2; Санкт-Петербург ; 68 ; 12 486 ; 849 048 ; В ; 9 ;;;;;;;;;;;;;;;;;;
;9; Тюмень ; 2 ; 10 937 ; 21 874 ; В ; 3 ;;;;;;;;;;;;;;;;;;
;2; Санкт-Петербург ; 48 ; 5 548 ; 266 304 ; В ; 9 ;;;;;;;;;;;;;;;;;;
;10; Сочи ; 83 ; 70 389 ; 5 842 287 ; А ; 6 ;;;;;;;;;;;;;;;;;;
;8; Новосибирск ; 9 ; 70 163 ; 631 467 ; В ; 5 ;;;;;;;;;;;;;;;;;;
;5; Краснодар ; 4 ; 51 015 ; 204 060 ; В ; 4 ;;;;;;;;;;;;;;;;;;
;2; Санкт-Петербург ; 81 ; 62 748 ; 5 082 588 ; А ; 9 ;;;;;;;;;;;;;;;;;;
;3; Челябинск ; 82 ; 84 248 ; 6 908 336 ; А ; 1 ;;;;;;;;;;;;;;;;;;
;9; Тюмень ; 36 ; 90 970 ; 3 274 920 ; Б ; 3 ;;;;;;;;;;;;;;;;;;
;6; Владивосток ; 72 ; 24 196 ; 1 742 112 ; Б ; 7 ;;;;;;;;;;;;;;;;;;
;6; Владивосток ; 61 ; 61 146 ; 3 729 906 ; Б ; 7 ;;;;;;;;;;;;;;;;;;
;7; Мурманск ; 28 ; 62 973 ; 1 763 244 ; Б ; 10 ;;;;;;;;;;;;;;;;;;
;9; Тюмень ; 62 ; 59 783 ; 3 706 546 ; Б ; 3 ;;;;;;;;;;;;;;;;;;
;7; Мурманск ; 19 ; 31 543 ; 599 317 ; В ; 10 ;;;;;;;;;;;;;;;;;;
;9; Тюмень ; 65 ; 25 500 ; 1 657 500 ; Б ; 3 ;;;;;;;;;;;;;;;;;;
;4; Архангельск ; 95 ; 37 483 ; 3 560 885 ; Б ; 2 ;;;;;;;;;;;;;;;;;;
;9; Тюмень ; 52 ; 63 282 ; 3 290 664 ; Б ; 3 ;;;;;;;;;;;;;;;;;;
;8; Новосибирск ; 8 ; 66 703 ; 533 624 ; В ; 5 ;;;;;;;;;;;;;;;;;;
;6; Владивосток ; 47 ; 5 799 ; 272 553 ; В ; 7 ;;;;;;;;;;;;;;;;;;
;3; Челябинск ; 26 ; 61 999 ; 1 611 974 ; Б ; 1 ;;;;;;;;;;;;;;;;;;
;10; Сочи ; 51 ; 19 247 ; 981 597 ; В ; 6 ;;;;;;;;;;;;;;;;;;
;2; Санкт-Петербург ; 60 ; 36 024 ; 2 161 440 ; Б ; 9 ;;;;;;;;;;;;;;;;;;
;4; Архангельск ; 76 ; 16 938 ; 1 287 288 ; Б ; 2 ;;;;;;;;;;;;;;;;;;
;8; Новосибирск ; 23 ; 98 023 ; 2 254 529 ; Б ; 5 ;;;;;;;;;;;;;;;;;;
;8; Новосибирск ; 35 ; 24 605 ; 861 175 ; В ; 5 ;;;;;;;;;;;;;;;;;;
;7; Мурманск ; -   ; 1 412 ; -   ;   ; 10 ;;;;;;;;;;;;;;;;;;
;3; Челябинск ; 97 ; 3 138 ; 304 386 ; В ; 1 ;;;;;;;;;;;;;;;;;;
;10; Сочи ; 54 ; 22 076 ; 1 192 104 ; Б ; 6 ;;;;;;;;;;;;;;;;;;
;2; Санкт-Петербург ; 89 ; 35 227 ; 3 135 203 ; Б ; 9 ;;;;;;;;;;;;;;;;;;
;3; Челябинск ; 37 ; 51 940 ; 1 921 780 ; Б ; 1 ;;;;;;;;;;;;;;;;;;
;6; Владивосток ; 25 ; 25 121 ; 628 025 ; В ; 7 ;;;;;;;;;;;;;;;;;;
;7; Мурманск ; 79 ; 54 186 ; 4 280 694 ; Б ; 10 ;;;;;;;;;;;;;;;;;;
;2; Санкт-Петербург ; 3 ; 65 478 ; 196 434 ; В ; 9 ;;;;;;;;;;;;;;;;;;
;2; Санкт-Петербург ; 47 ; 2 204 ; 103 588 ; В ; 9 ;;;;;;;;;;;;;;;;;;
;4; Архангельск ; 58 ; 76 028 ; 4 409 624 ; Б ; 2 ;;;;;;;;;;;;;;;;;;
;2; Санкт-Петербург ; 17 ; 23 112 ; 392 904 ; В ; 9 ;;;;;;;;;;;;;;;;;;
;7; Мурманск ; 7 ; 16 507 ; 115 549 ; В ; 10 ;;;;;;;;;;;;;;;;;;
;7; Мурманск ; 2 ; 6 440 ; 12 880 ; В ; 10 ;;;;;;;;;;;;;;;;;;
;2; Санкт-Петербург ; 11 ; 21 093 ; 232 023 ; В ; 9 ;;;;;;;;;;;;;;;;;;
;3; Челябинск ; 23 ; 42 339 ; 973 797 ; В ; 1 ;;;;;;;;;;;;;;;;;;
;3; Челябинск ; 17 ; 24 302 ; 413 134 ; В ; 1 ;;;;;;;;;;;;;;;;;;
;3; Челябинск ; 13 ; 9 378 ; 121 914 ; В ; 1 ;;;;;;;;;;;;;;;;;;
;6; Владивосток ; 87 ; 57 068 ; 4 964 916 ; Б ; 7 ;;;;;;;;;;;;;;;;;;
;1; Москва ; 99 ; 22 807 ; 2 257 893 ; Б ; 8 ;;;;;;;;;;;;;;;;;;
;6; Владивосток ; 10 ; 40 479 ; 404 790 ; В ; 7 ;;;;;;;;;;;;;;;;;;
;8; Новосибирск ; 98 ; 13 851 ; 1 357 398 ; Б ; 5 ;;;;;;;;;;;;;;;;;;
;2; Санкт-Петербург ; 60 ; 8 385 ; 503 100 ; В ; 9 ;;;;;;;;;;;;;;;;;;
;3; Челябинск ; 21 ; 2 396 ; 50 316 ; В ; 1 ;;;;;;;;;;;;;;;;;;
;10; Сочи ; 34 ; 31 836 ; 1 082 424 ; Б ; 6 ;;;;;;;;;;;;;;;;;;
;5; Краснодар ; 78 ; 76 157 ; 5 940 246 ; А ; 4 ;;;;;;;;;;;;;;;;;;
;4; Архангельск ; 97 ; 34 090 ; 3 306 730 ; Б ; 2 ;;;;;;;;;;;;;;;;;;
;1; Москва ; 7 ; 5 162 ; 36 134 ; В ; 8 ;;;;;;;;;;;;;;;;;;
;1; Москва ; 22 ; 6 644 ; 146 168 ; В ; 8 ;;;;;;;;;;;;;;;;;;
;4; Архангельск ; 1 ; 29 167 ; 29 167 ; В ; 2 ;;;;;;;;;;;;;;;;;;
;4; Архангельск ; 85 ; 72 508 ; 6 163 180 ; А ; 2 ;;;;;;;;;;;;;;;;;;
;6; Владивосток ; 90 ; 24 319 ; 2 188 710 ; Б ; 7 ;;;;;;;;;;;;;;;;;;
;9; Тюмень ; 56 ; 65 699 ; 3 679 144 ; Б ; 3 ;;;;;;;;;;;;;;;;;;
;8; Новосибирск ; 85 ; 22 184 ; 1 885 640 ; Б ; 5 ;;;;;;;;;;;;;;;;;;
;1; Москва ; 8 ; 3 664 ; 29 312 ; В ; 8 ;;;;;;;;;;;;;;;;;;
;4; Архангельск ; 28 ; 29 973 ; 839 244 ; В ; 2 ;;;;;;;;;;;;;;;;;;
;10; Сочи ; 35 ; 82 113 ; 2 873 955 ; Б ; 6 ;;;;;;;;;;;;;;;;;;
;5; Краснодар ; 83 ; 95 556 ; 7 931 148 ; А ; 4 ;;;;;;;;;;;;;;;;;;
;10; Сочи ; 29 ; 34 460 ; 999 340 ; В ; 6 ;;;;;;;;;;;;;;;;;;
;3; Челябинск ; 44 ; 1 612 ; 70 928 ; В ; 1 ;;;;;;;;;;;;;;;;;;
;4; Архангельск ; 82 ; 98 868 ; 8 107 176 ; А ; 2 ;;;;;;;;;;;;;;;;;;
;3; Челябинск ; 89 ; 77 027 ; 6 855 403 ; А ; 1 ;;;;;;;;;;;;;;;;;;
;9; Тюмень ; 2 ; 19 591 ; 39 182 ; В ; 3 ;;;;;;;;;;;;;;;;;;
;5; Краснодар ; 74 ; 84 334 ; 6 240 716 ; А ; 4 ;;;;;;;;;;;;;;;;;;
;6; Владивосток ; 65 ; 58 106 ; 3 776 890 ; Б ; 7 ;;;;;;;;;;;;;;;;;;
;1; Москва ; 49 ; 96 856 ; 4 745 944 ; Б ; 8 ;;;;;;;;;;;;;;;;;;
;9; Тюмень ; 19 ; 94 224 ; 1 790 256 ; Б ; 3 ;;;;;;;;;;;;;;;;;;
;9; Тюмень ; 55 ; 76 832 ; 4 225 760 ; Б ; 3 ;;;;;;;;;;;;;;;;;;
;4; Архангельск ; 53 ; 50 181 ; 2 659 593 ; Б ; 2 ;;;;;;;;;;;;;;;;;;
;10; Сочи ; 12 ; 38 670 ; 464 040 ; В ; 6 ;;;;;;;;;;;;;;;;;;
;7; Мурманск ; 66 ; 44 409 ; 2 930 994 ; Б ; 10 ;;;;;;;;;;;;;;;;;;
;5; Краснодар ; 32 ; 33 133 ; 1 060 256 ; Б ; 4 ;;;;;;;;;;;;;;;;;;
;5; Краснодар ; 94 ; 92 453 ; 8 690 582 ; А ; 4 ;;;;;;;;;;;;;;;;;;
;3; Челябинск ; 98 ; 5 078 ; 497 644 ; В ; 1 ;;;;;;;;;;;;;;;;;;
;5; Краснодар ; 16 ; 88 264 ; 1 412 224 ; Б ; 4 ;;;;;;;;;;;;;;;;;;
;8; Новосибирск ; 92 ; 97 079 ; 8 931 268 ; А ; 5 ;;;;;;;;;;;;;;;;;;
;7; Мурманск ; 9 ; 31 834 ; 286 506 ; В ; 10 ;;;;;;;;;;;;;;;;;;
;6; Владивосток ; 90 ; 16 026 ; 1 442 340 ; Б ; 7 ;;;;;;;;;;;;;;;;;;
;2; Санкт-Петербург ; 43 ; 97 887 ; 4 209 141 ; Б ; 9 ;;;;;;;;;;;;;;;;;;
;1; Москва ; 18 ; 64 560 ; 1 162 080 ; Б ; 8 ;;;;;;;;;;;;;;;;;;
;9; Тюмень ; 28 ; 66 092 ; 1 850 576 ; Б ; 3 ;;;;;;;;;;;;;;;;;;
;6; Владивосток ; 63 ; 28 908 ; 1 821 204 ; Б ; 7 ;;;;;;;;;;;;;;;;;;
;9; Тюмень ; 62 ; 34 032 ; 2 109 984 ; Б ; 3 ;;;;;;;;;;;;;;;;;;
;3; Челябинск ; 78 ; 59 501 ; 4 641 078 ; Б ; 1 ;;;;;;;;;;;;;;;;;;
;8; Новосибирск ; 34 ; 2 885 ; 98 090 ; В ; 5 ;;;;;;;;;;;;;;;;;;
;8; Новосибирск ; 20 ; 82 426 ; 1 648 520 ; Б ; 5 ;;;;;;;;;;;;;;;;;;
;2; Санкт-Петербург ; 88 ; 9 531 ; 838 728 ; В ; 9 ;;;;;;;;;;;;;;;;;;
;4; Архангельск ; 24 ; 46 596 ; 1 118 304 ; Б ; 2 ;;;;;;;;;;;;;;;;;;
;4; Архангельск ; 43 ; 28 572 ; 1 228 596 ; Б ; 2 ;;;;;;;;;;;;;;;;;;
;3; Челябинск ; 71 ; 69 199 ; 4 913 129 ; Б ; 1 ;;;;;;;;;;;;;;;;;;
;6; Владивосток ; 32 ; 80 465 ; 2 574 880 ; Б ; 7 ;;;;;;;;;;;;;;;;;;
;3; Челябинск ; 36 ; 61 792 ; 2 224 512 ; Б ; 1 ;;;;;;;;;;;;;;;;;;
;7; Мурманск ; 5 ; 16 749 ; 83 745 ; В ; 10 ;;;;;;;;;;;;;;;;;;
;4; Архангельск ; 18 ; 28 122 ; 506 196 ; В ; 2 ;;;;;;;;;;;;;;;;;;
;10; Сочи ; 9 ; 62 082 ; 558 738 ; В ; 6 ;;;;;;;;;;;;;;;;;;
;10; Сочи ; 69 ; 71 523 ; 4 935 087 ; Б ; 6 ;;;;;;;;;;;;;;;;;;
;10; Сочи ; 33 ; 49 551 ; 1 635 183 ; Б ; 6 ;;;;;;;;;;;;;;;;;;
;1; Москва ; 85 ; 65 478 ; 5 565 630 ; А ; 8 ;;;;;;;;;;;;;;;;;;
;9; Тюмень ; 85 ; 62 479 ; 5 310 715 ; А ; 3 ;;;;;;;;;;;;;;;;;;
;6; Владивосток ; 41 ; 54 695 ; 2 242 495 ; Б ; 7 ;;;;;;;;;;;;;;;;;;
;2; Санкт-Петербург ; 49 ; 72 700 ; 3 562 300 ; Б ; 9 ;;;;;;;;;;;;;;;;;;
;6; Владивосток ; 59 ; 3 791 ; 223 669 ; В ; 7 ;;;;;;;;;;;;;;;;;;
;1; Москва ; 27 ; 51 013 ; 1 377 351 ; Б ; 8 ;;;;;;;;;;;;;;;;;;
;1; Москва ; 45 ; 10 419 ; 468 855 ; В ; 8 ;;;;;;;;;;;;;;;;;;
;3; Челябинск ; 65 ; 70 296 ; 4 569 240 ; Б ; 1 ;;;;;;;;;;;;;;;;;;
;7; Мурманск ; 59 ; 45 443 ; 2 681 137 ; Б ; 10 ;;;;;;;;;;;;;;;;;;
;4; Архангельск ; 10 ; 45 480 ; 454 800 ; В ; 2 ;;;;;;;;;;;;;;;;;;
;5; Краснодар ; 72 ; 89 498 ; 6 443 856 ; А ; 4 ;;;;;;;;;;;;;;;;;;
;1; Москва ; 83 ; 66 372 ; 5 508 876 ; А ; 8 ;;;;;;;;;;;;;;;;;;
;10; Сочи ; 34 ; 75 029 ; 2 550 986 ; Б ; 6 ;;;;;;;;;;;;;;;;;;
;3; Челябинск ; 17 ; 27 033 ; 459 561 ; В ; 1 ;;;;;;;;;;;;;;;;;;
;4; Архангельск ; 76 ; 57 659 ; 4 382 084 ; Б ; 2 ;;;;;;;;;;;;;;;;;;
;1; Москва ; 23 ; 52 184 ; 1 200 232 ; Б ; 8 ;;;;;;;;;;;;;;;;;;
;1; Москва ; 84 ; 75 467 ; 6 339 228 ; А ; 8 ;;;;;;;;;;;;;;;;;;
;6; Владивосток ; 85 ; 77 856 ; 6 617 760 ; А ; 7 ;;;;;;;;;;;;;;;;;;
;4; Архангельск ; 54 ; 70 537 ; 3 808 998 ; Б ; 2 ;;;;;;;;;;;;;;;;;;
;4; Архангельск ; 73 ; 37 260 ; 2 719 980 ; Б ; 2 ;;;;;;;;;;;;;;;;;;
;8; Новосибирск ; 100 ; 73 856 ; 7 385 600 ; А ; 5 ;;;;;;;;;;;;;;;;;;
;8; Новосибирск ; 64 ; 48 584 ; 3 109 376 ; Б ; 5 ;;;;;;;;;;;;;;;;;;
;1; Москва ; 58 ; 87 413 ; 5 069 954 ; А ; 8 ;;;;;;;;;;;;;;;;;;
;9; Тюмень ; 65 ; 26 199 ; 1 702 935 ; Б ; 3 ;;;;;;;;;;;;;;;;;;
;2; Санкт-Петербург ; 41 ; 13 089 ; 536 649 ; В ; 9 ;;;;;;;;;;;;;;;;;;
;3; Челябинск ; 12 ; 42 479 ; 509 748 ; В ; 1 ;;;;;;;;;;;;;;;;;;
;4; Архангельск ; 19 ; 2 693 ; 51 167 ; В ; 2 ;;;;;;;;;;;;;;;;;;
;1; Москва ; 79 ; 20 216 ; 1 597 064 ; Б ; 8 ;;;;;;;;;;;;;;;;;;
;2; Санкт-Петербург ; 25 ; 44 211 ; 1 105 275 ; Б ; 9 ;;;;;;;;;;;;;;;;;;
;2; Санкт-Петербург ; 7 ; 33 344 ; 233 408 ; В ; 9 ;;;;;;;;;;;;;;;;;;
;8; Новосибирск ; 16 ; 99 149 ; 1 586 384 ; Б ; 5 ;;;;;;;;;;;;;;;;;;
;5; Краснодар ; 67 ; 43 438 ; 2 910 346 ; Б ; 4 ;;;;;;;;;;;;;;;;;;
;2; Санкт-Петербург ; 51 ; 51 527 ; 2 627 877 ; Б ; 9 ;;;;;;;;;;;;;;;;;;
;10; Сочи ; 84 ; 3 205 ; 269 220 ; В ; 6 ;;;;;;;;;;;;;;;;;;
;1; Москва ; 49 ; 40 896 ; 2 003 904 ; Б ; 8 ;;;;;;;;;;;;;;;;;;
;9; Тюмень ; 6 ; 94 953 ; 569 718 ; В ; 3 ;;;;;;;;;;;;;;;;;;
;1; Москва ; 43 ; 93 460 ; 4 018 780 ; Б ; 8 ;;;;;;;;;;;;;;;;;;
;2; Санкт-Петербург ; 100 ; 5 725 ; 572 500 ; В ; 9 ;;;;;;;;;;;;;;;;;;
;10; Сочи ; 52 ; 69 134 ; 3 594 968 ; Б ; 6 ;;;;;;;;;;;;;;;;;;
;3; Челябинск ; 76 ; 26 605 ; 2 021 980 ; Б ; 1 ;;;;;;;;;;;;;;;;;;
;4; Архангельск ; 23 ; 76 165 ; 1 751 795 ; Б ; 2 ;;;;;;;;;;;;;;;;;;
;8; Новосибирск ; 21 ; 56 378 ; 1 183 938 ; Б ; 5 ;;;;;;;;;;;;;;;;;;
;1; Москва ; 26 ; 44 623 ; 1 160 198 ; Б ; 8 ;;;;;;;;;;;;;;;;;;
;1; Москва ; 57 ; 39 542 ; 2 253 894 ; Б ; 8 ;;;;;;;;;;;;;;;;;;
;7; Мурманск ; 2 ; 45 884 ; 91 768 ; В ; 10 ;;;;;;;;;;;;;;;;;;
;10; Сочи ; 46 ; 47 372 ; 2 179 112 ; Б ; 6 ;;;;;;;;;;;;;;;;;;
;1; Москва ; 94 ; 98 929 ; 9 299 326 ; А ; 8 ;;;;;;;;;;;;;;;;;;
;10; Сочи ; 59 ; 17 513 ; 1 033 267 ; Б ; 6 ;;;;;;;;;;;;;;;;;;
;3; Челябинск ; 5 ; 11 060 ; 55 300 ; В ; 1 ;;;;;;;;;;;;;;;;;;
;3; Челябинск ; 30 ; 83 322 ; 2 499 660 ; Б ; 1 ;;;;;;;;;;;;;;;;;;
;7; Мурманск ; 85 ; 23 395 ; 1 988 575 ; Б ; 10 ;;;;;;;;;;;;;;;;;;
;8; Новосибирск ; 76 ; 72 915 ; 5 541 540 ; А ; 5 ;;;;;;;;;;;;;;;;;;
;6; Владивосток ; 13 ; 86 193 ; 1 120 509 ; Б ; 7 ;;;;;;;;;;;;;;;;;;
;2; Санкт-Петербург ; 63 ; 49 666 ; 3 128 958 ; Б ; 9 ;;;;;;;;;;;;;;;;;;
;7; Мурманск ; 43 ; 68 892 ; 2 962 356 ; Б ; 10 ;;;;;;;;;;;;;;;;;;
;9; Тюмень ; 54 ; 28 587 ; 1 543 698 ; Б ; 3 ;;;;;;;;;;;;;;;;;;
;5; Краснодар ; 34 ; 66 446 ; 2 259 164 ; Б ; 4 ;;;;;;;;;;;;;;;;;;
;8; Новосибирск ; 48 ; 96 846 ; 4 648 608 ; Б ; 5 ;;;;;;;;;;;;;;;;;;
;1; Москва ; 61 ; 87 285 ; 5 324 385 ; А ; 8 ;;;;;;;;;;;;;;;;;;
;8; Новосибирск ; 4 ; 13 362 ; 53 448 ; В ; 5 ;;;;;;;;;;;;;;;;;;
;7; Мурманск ; 1 ; 17 012 ; 17 012 ; В ; 10 ;;;;;;;;;;;;;;;;;;
;5; Краснодар ; 23 ; 60 222 ; 1 385 106 ; Б ; 4 ;;;;;;;;;;;;;;;;;;
;3; Челябинск ; 33 ; 83 680 ; 2 761 440 ; Б ; 1 ;;;;;;;;;;;;;;;;;;
;6; Владивосток ; 19 ; 92 360 ; 1 754 840 ; Б ; 7 ;;;;;;;;;;;;;;;;;;
;7; Мурманск ; 88 ; 95 221 ; 8 379 448 ; А ; 10 ;;;;;;;;;;;;;;;;;;
;1; Москва ; 97 ; 92 747 ; 8 996 459 ; А ; 8 ;;;;;;;;;;;;;;;;;;
;1; Москва ; 43 ; 1 405 ; 60 415 ; В ; 8 ;;;;;;;;;;;;;;;;;;
;4; Архангельск ; 29 ; 21 033 ; 609 957 ; В ; 2 ;;;;;;;;;;;;;;;;;;
;4; Архангельск ; 57 ; 1 394 ; 79 458 ; В ; 2 ;;;;;;;;;;;;;;;;;;
;2; Санкт-Петербург ; 8 ; 35 388 ; 283 104 ; В ; 9 ;;;;;;;;;;;;;;;;;;
;3; Челябинск ; 70 ; 26 745 ; 1 872 150 ; Б ; 1 ;;;;;;;;;;;;;;;;;;
;3; Челябинск ; 82 ; 13 971 ; 1 145 622 ; Б ; 1 ;;;;;;;;;;;;;;;;;;
